metric_name,timestamp,metric_value,check,error,error_code,expected_response,group,method,name,proto,scenario,service,status,subproto,tls_version,url,extra_tags,metadata
http_reqs,1730305221,1.000000,,,,true,,POST,http://finance:9501/transaction,HTTP/1.1,default,,200,,,http://finance:9501/transaction,,
http_req_duration,1730305221,218.508000,,,,true,,POST,http://finance:9501/transaction,HTTP/1.1,default,,200,,,http://finance:9501/transaction,,
http_req_blocked,1730305221,11.003917,,,,true,,POST,http://finance:9501/transaction,HTTP/1.1,default,,200,,,http://finance:9501/transaction,,
http_req_connecting,1730305221,0.678292,,,,true,,POST,http://finance:9501/transaction,HTTP/1.1,default,,200,,,http://finance:9501/transaction,,
http_req_tls_handshaking,1730305221,0.000000,,,,true,,POST,http://finance:9501/transaction,HTTP/1.1,default,,200,,,http://finance:9501/transaction,,
http_req_sending,1730305221,3.112041,,,,true,,POST,http://finance:9501/transaction,HTTP/1.1,default,,200,,,http://finance:9501/transaction,,
http_req_waiting,1730305221,210.631042,,,,true,,POST,http://finance:9501/transaction,HTTP/1.1,default,,200,,,http://finance:9501/transaction,,
http_req_receiving,1730305221,4.764917,,,,true,,POST,http://finance:9501/transaction,HTTP/1.1,default,,200,,,http://finance:9501/transaction,,
http_req_failed,1730305221,0.000000,,,,true,,POST,http://finance:9501/transaction,HTTP/1.1,default,,200,,,http://finance:9501/transaction,,
checks,1730305221,1.000000,deposit status is 200,,,,,,,,default,,,,,,,
vus,1730305222,1.000000,,,,,,,,,,,,,,,,
vus_max,1730305222,1.000000,,,,,,,,,,,,,,,,
http_reqs,1730305222,1.000000,,,,true,,POST,http://finance:9501/transaction,HTTP/1.1,default,,200,,,http://finance:9501/transaction,,
http_req_duration,1730305222,15.079959,,,,true,,POST,http://finance:9501/transaction,HTTP/1.1,default,,200,,,http://finance:9501/transaction,,
http_req_blocked,1730305222,0.239041,,,,true,,POST,http://finance:9501/transaction,HTTP/1.1,default,,200,,,http://finance:9501/transaction,,
http_req_connecting,1730305222,0.000000,,,,true,,POST,http://finance:9501/transaction,HTTP/1.1,default,,200,,,http://finance:9501/transaction,,
http_req_tls_handshaking,1730305222,0.000000,,,,true,,POST,http://finance:9501/transaction,HTTP/1.1,default,,200,,,http://finance:9501/transaction,,
http_req_sending,1730305222,0.190084,,,,true,,POST,http://finance:9501/transaction,HTTP/1.1,default,,200,,,http://finance:9501/transaction,,
http_req_waiting,1730305222,14.478041,,,,true,,POST,http://finance:9501/transaction,HTTP/1.1,default,,200,,,http://finance:9501/transaction,,
http_req_receiving,1730305222,0.411834,,,,true,,POST,http://finance:9501/transaction,HTTP/1.1,default,,200,,,http://finance:9501/transaction,,
http_req_failed,1730305222,0.000000,,,,true,,POST,http://finance:9501/transaction,HTTP/1.1,default,,200,,,http://finance:9501/transaction,,
checks,1730305222,1.000000,sake status is 200,,,,,,,,default,,,,,,,
vus,1730305223,1.000000,,,,,,,,,,,,,,,,
vus_max,1730305223,1.000000,,,,,,,,,,,,,,,,
http_reqs,1730305223,1.000000,,,,true,,POST,http://finance:9501/transfer,HTTP/1.1,default,,200,,,http://finance:9501/transfer,,
http_req_duration,1730305223,55.120125,,,,true,,POST,http://finance:9501/transfer,HTTP/1.1,default,,200,,,http://finance:9501/transfer,,
http_req_blocked,1730305223,0.022667,,,,true,,POST,http://finance:9501/transfer,HTTP/1.1,default,,200,,,http://finance:9501/transfer,,
http_req_connecting,1730305223,0.000000,,,,true,,POST,http://finance:9501/transfer,HTTP/1.1,default,,200,,,http://finance:9501/transfer,,
http_req_tls_handshaking,1730305223,0.000000,,,,true,,POST,http://finance:9501/transfer,HTTP/1.1,default,,200,,,http://finance:9501/transfer,,
http_req_sending,1730305223,0.130125,,,,true,,POST,http://finance:9501/transfer,HTTP/1.1,default,,200,,,http://finance:9501/transfer,,
http_req_waiting,1730305223,54.761667,,,,true,,POST,http://finance:9501/transfer,HTTP/1.1,default,,200,,,http://finance:9501/transfer,,
http_req_receiving,1730305223,0.228333,,,,true,,POST,http://finance:9501/transfer,HTTP/1.1,default,,200,,,http://finance:9501/transfer,,
http_req_failed,1730305223,0.000000,,,,true,,POST,http://finance:9501/transfer,HTTP/1.1,default,,200,,,http://finance:9501/transfer,,
checks,1730305223,1.000000,transfer status is 200,,,,,,,,default,,,,,,,
vus,1730305224,1.000000,,,,,,,,,,,,,,,,
vus_max,1730305224,1.000000,,,,,,,,,,,,,,,,
data_sent,1730305224,799.000000,,,,,,,,,default,,,,,,,
data_received,1730305224,2101.000000,,,,,,,,,default,,,,,,,
iteration_duration,1730305224,3328.651835,,,,,,,,,default,,,,,,,
iterations,1730305224,1.000000,,,,,,,,,default,,,,,,,
http_reqs,1730305224,1.000000,,,,true,,POST,http://finance:9501/transaction,HTTP/1.1,default,,200,,,http://finance:9501/transaction,,
http_req_duration,1730305224,21.792667,,,,true,,POST,http://finance:9501/transaction,HTTP/1.1,default,,200,,,http://finance:9501/transaction,,
http_req_blocked,1730305224,0.202333,,,,true,,POST,http://finance:9501/transaction,HTTP/1.1,default,,200,,,http://finance:9501/transaction,,
http_req_connecting,1730305224,0.000000,,,,true,,POST,http://finance:9501/transaction,HTTP/1.1,default,,200,,,http://finance:9501/transaction,,
http_req_tls_handshaking,1730305224,0.000000,,,,true,,POST,http://finance:9501/transaction,HTTP/1.1,default,,200,,,http://finance:9501/transaction,,
http_req_sending,1730305224,0.289958,,,,true,,POST,http://finance:9501/transaction,HTTP/1.1,default,,200,,,http://finance:9501/transaction,,
http_req_waiting,1730305224,20.898959,,,,true,,POST,http://finance:9501/transaction,HTTP/1.1,default,,200,,,http://finance:9501/transaction,,
http_req_receiving,1730305224,0.603750,,,,true,,POST,http://finance:9501/transaction,HTTP/1.1,default,,200,,,http://finance:9501/transaction,,
http_req_failed,1730305224,0.000000,,,,true,,POST,http://finance:9501/transaction,HTTP/1.1,default,,200,,,http://finance:9501/transaction,,
checks,1730305224,1.000000,deposit status is 200,,,,,,,,default,,,,,,,
vus,1730305225,1.000000,,,,,,,,,,,,,,,,
vus_max,1730305225,1.000000,,,,,,,,,,,,,,,,
http_reqs,1730305225,1.000000,,,,true,,POST,http://finance:9501/transaction,HTTP/1.1,default,,200,,,http://finance:9501/transaction,,
http_req_duration,1730305225,49.807916,,,,true,,POST,http://finance:9501/transaction,HTTP/1.1,default,,200,,,http://finance:9501/transaction,,
http_req_blocked,1730305225,0.052084,,,,true,,POST,http://finance:9501/transaction,HTTP/1.1,default,,200,,,http://finance:9501/transaction,,
http_req_connecting,1730305225,0.000000,,,,true,,POST,http://finance:9501/transaction,HTTP/1.1,default,,200,,,http://finance:9501/transaction,,
http_req_tls_handshaking,1730305225,0.000000,,,,true,,POST,http://finance:9501/transaction,HTTP/1.1,default,,200,,,http://finance:9501/transaction,,
http_req_sending,1730305225,0.369541,,,,true,,POST,http://finance:9501/transaction,HTTP/1.1,default,,200,,,http://finance:9501/transaction,,
http_req_waiting,1730305225,48.874667,,,,true,,POST,http://finance:9501/transaction,HTTP/1.1,default,,200,,,http://finance:9501/transaction,,
http_req_receiving,1730305225,0.563708,,,,true,,POST,http://finance:9501/transaction,HTTP/1.1,default,,200,,,http://finance:9501/transaction,,
http_req_failed,1730305225,0.000000,,,,true,,POST,http://finance:9501/transaction,HTTP/1.1,default,,200,,,http://finance:9501/transaction,,
checks,1730305225,1.000000,sake status is 200,,,,,,,,default,,,,,,,
vus,1730305226,1.000000,,,,,,,,,,,,,,,,
vus_max,1730305226,1.000000,,,,,,,,,,,,,,,,
http_reqs,1730305226,1.000000,,,,true,,POST,http://finance:9501/transfer,HTTP/1.1,default,,200,,,http://finance:9501/transfer,,
http_req_duration,1730305226,24.240958,,,,true,,POST,http://finance:9501/transfer,HTTP/1.1,default,,200,,,http://finance:9501/transfer,,
http_req_blocked,1730305226,0.080959,,,,true,,POST,http://finance:9501/transfer,HTTP/1.1,default,,200,,,http://finance:9501/transfer,,
http_req_connecting,1730305226,0.000000,,,,true,,POST,http://finance:9501/transfer,HTTP/1.1,default,,200,,,http://finance:9501/transfer,,
http_req_tls_handshaking,1730305226,0.000000,,,,true,,POST,http://finance:9501/transfer,HTTP/1.1,default,,200,,,http://finance:9501/transfer,,
http_req_sending,1730305226,0.201625,,,,true,,POST,http://finance:9501/transfer,HTTP/1.1,default,,200,,,http://finance:9501/transfer,,
http_req_waiting,1730305226,22.581291,,,,true,,POST,http://finance:9501/transfer,HTTP/1.1,default,,200,,,http://finance:9501/transfer,,
http_req_receiving,1730305226,1.458042,,,,true,,POST,http://finance:9501/transfer,HTTP/1.1,default,,200,,,http://finance:9501/transfer,,
http_req_failed,1730305226,0.000000,,,,true,,POST,http://finance:9501/transfer,HTTP/1.1,default,,200,,,http://finance:9501/transfer,,
checks,1730305226,1.000000,transfer status is 200,,,,,,,,default,,,,,,,
vus,1730305227,1.000000,,,,,,,,,,,,,,,,
vus_max,1730305227,1.000000,,,,,,,,,,,,,,,,
data_sent,1730305227,799.000000,,,,,,,,,default,,,,,,,
data_received,1730305227,2102.000000,,,,,,,,,default,,,,,,,
iteration_duration,1730305227,3108.058377,,,,,,,,,default,,,,,,,
iterations,1730305227,1.000000,,,,,,,,,default,,,,,,,
http_reqs,1730305227,1.000000,,,,true,,POST,http://finance:9501/transaction,HTTP/1.1,default,,200,,,http://finance:9501/transaction,,
http_req_duration,1730305227,10.743708,,,,true,,POST,http://finance:9501/transaction,HTTP/1.1,default,,200,,,http://finance:9501/transaction,,
http_req_blocked,1730305227,0.012667,,,,true,,POST,http://finance:9501/transaction,HTTP/1.1,default,,200,,,http://finance:9501/transaction,,
http_req_connecting,1730305227,0.000000,,,,true,,POST,http://finance:9501/transaction,HTTP/1.1,default,,200,,,http://finance:9501/transaction,,
http_req_tls_handshaking,1730305227,0.000000,,,,true,,POST,http://finance:9501/transaction,HTTP/1.1,default,,200,,,http://finance:9501/transaction,,
http_req_sending,1730305227,0.043583,,,,true,,POST,http://finance:9501/transaction,HTTP/1.1,default,,200,,,http://finance:9501/transaction,,
http_req_waiting,1730305227,10.547875,,,,true,,POST,http://finance:9501/transaction,HTTP/1.1,default,,200,,,http://finance:9501/transaction,,
http_req_receiving,1730305227,0.152250,,,,true,,POST,http://finance:9501/transaction,HTTP/1.1,default,,200,,,http://finance:9501/transaction,,
http_req_failed,1730305227,0.000000,,,,true,,POST,http://finance:9501/transaction,HTTP/1.1,default,,200,,,http://finance:9501/transaction,,
checks,1730305227,1.000000,deposit status is 200,,,,,,,,default,,,,,,,
vus,1730305228,1.000000,,,,,,,,,,,,,,,,
vus_max,1730305228,1.000000,,,,,,,,,,,,,,,,
http_reqs,1730305228,1.000000,,,,true,,POST,http://finance:9501/transaction,HTTP/1.1,default,,200,,,http://finance:9501/transaction,,
http_req_duration,1730305228,12.880792,,,,true,,POST,http://finance:9501/transaction,HTTP/1.1,default,,200,,,http://finance:9501/transaction,,
http_req_blocked,1730305228,0.013583,,,,true,,POST,http://finance:9501/transaction,HTTP/1.1,default,,200,,,http://finance:9501/transaction,,
http_req_connecting,1730305228,0.000000,,,,true,,POST,http://finance:9501/transaction,HTTP/1.1,default,,200,,,http://finance:9501/transaction,,
http_req_tls_handshaking,1730305228,0.000000,,,,true,,POST,http://finance:9501/transaction,HTTP/1.1,default,,200,,,http://finance:9501/transaction,,
http_req_sending,1730305228,0.079334,,,,true,,POST,http://finance:9501/transaction,HTTP/1.1,default,,200,,,http://finance:9501/transaction,,
http_req_waiting,1730305228,12.650250,,,,true,,POST,http://finance:9501/transaction,HTTP/1.1,default,,200,,,http://finance:9501/transaction,,
http_req_receiving,1730305228,0.151208,,,,true,,POST,http://finance:9501/transaction,HTTP/1.1,default,,200,,,http://finance:9501/transaction,,
http_req_failed,1730305228,0.000000,,,,true,,POST,http://finance:9501/transaction,HTTP/1.1,default,,200,,,http://finance:9501/transaction,,
checks,1730305228,1.000000,sake status is 200,,,,,,,,default,,,,,,,
vus,1730305229,1.000000,,,,,,,,,,,,,,,,
vus_max,1730305229,1.000000,,,,,,,,,,,,,,,,
http_reqs,1730305229,1.000000,,,,true,,POST,http://finance:9501/transfer,HTTP/1.1,default,,200,,,http://finance:9501/transfer,,
http_req_duration,1730305229,17.083458,,,,true,,POST,http://finance:9501/transfer,HTTP/1.1,default,,200,,,http://finance:9501/transfer,,
http_req_blocked,1730305229,0.033042,,,,true,,POST,http://finance:9501/transfer,HTTP/1.1,default,,200,,,http://finance:9501/transfer,,
http_req_connecting,1730305229,0.000000,,,,true,,POST,http://finance:9501/transfer,HTTP/1.1,default,,200,,,http://finance:9501/transfer,,
http_req_tls_handshaking,1730305229,0.000000,,,,true,,POST,http://finance:9501/transfer,HTTP/1.1,default,,200,,,http://finance:9501/transfer,,
http_req_sending,1730305229,0.093708,,,,true,,POST,http://finance:9501/transfer,HTTP/1.1,default,,200,,,http://finance:9501/transfer,,
http_req_waiting,1730305229,16.857959,,,,true,,POST,http://finance:9501/transfer,HTTP/1.1,default,,200,,,http://finance:9501/transfer,,
http_req_receiving,1730305229,0.131791,,,,true,,POST,http://finance:9501/transfer,HTTP/1.1,default,,200,,,http://finance:9501/transfer,,
http_req_failed,1730305229,0.000000,,,,true,,POST,http://finance:9501/transfer,HTTP/1.1,default,,200,,,http://finance:9501/transfer,,
checks,1730305229,1.000000,transfer status is 200,,,,,,,,default,,,,,,,
vus,1730305230,1.000000,,,,,,,,,,,,,,,,
vus_max,1730305230,1.000000,,,,,,,,,,,,,,,,
data_sent,1730305230,799.000000,,,,,,,,,default,,,,,,,
data_received,1730305230,2102.000000,,,,,,,,,default,,,,,,,
iteration_duration,1730305230,3045.654127,,,,,,,,,default,,,,,,,
iterations,1730305230,1.000000,,,,,,,,,default,,,,,,,
http_reqs,1730305230,1.000000,,,,true,,POST,http://finance:9501/transaction,HTTP/1.1,default,,200,,,http://finance:9501/transaction,,
http_req_duration,1730305230,13.621542,,,,true,,POST,http://finance:9501/transaction,HTTP/1.1,default,,200,,,http://finance:9501/transaction,,
http_req_blocked,1730305230,0.006417,,,,true,,POST,http://finance:9501/transaction,HTTP/1.1,default,,200,,,http://finance:9501/transaction,,
http_req_connecting,1730305230,0.000000,,,,true,,POST,http://finance:9501/transaction,HTTP/1.1,default,,200,,,http://finance:9501/transaction,,
http_req_tls_handshaking,1730305230,0.000000,,,,true,,POST,http://finance:9501/transaction,HTTP/1.1,default,,200,,,http://finance:9501/transaction,,
http_req_sending,1730305230,0.046708,,,,true,,POST,http://finance:9501/transaction,HTTP/1.1,default,,200,,,http://finance:9501/transaction,,
http_req_waiting,1730305230,13.514459,,,,true,,POST,http://finance:9501/transaction,HTTP/1.1,default,,200,,,http://finance:9501/transaction,,
http_req_receiving,1730305230,0.060375,,,,true,,POST,http://finance:9501/transaction,HTTP/1.1,default,,200,,,http://finance:9501/transaction,,
http_req_failed,1730305230,0.000000,,,,true,,POST,http://finance:9501/transaction,HTTP/1.1,default,,200,,,http://finance:9501/transaction,,
checks,1730305230,1.000000,deposit status is 200,,,,,,,,default,,,,,,,
vus,1730305231,1.000000,,,,,,,,,,,,,,,,
vus_max,1730305231,1.000000,,,,,,,,,,,,,,,,
http_reqs,1730305231,1.000000,,,,true,,POST,http://finance:9501/transaction,HTTP/1.1,default,,200,,,http://finance:9501/transaction,,
http_req_duration,1730305231,8.864709,,,,true,,POST,http://finance:9501/transaction,HTTP/1.1,default,,200,,,http://finance:9501/transaction,,
http_req_blocked,1730305231,0.031208,,,,true,,POST,http://finance:9501/transaction,HTTP/1.1,default,,200,,,http://finance:9501/transaction,,
http_req_connecting,1730305231,0.000000,,,,true,,POST,http://finance:9501/transaction,HTTP/1.1,default,,200,,,http://finance:9501/transaction,,
http_req_tls_handshaking,1730305231,0.000000,,,,true,,POST,http://finance:9501/transaction,HTTP/1.1,default,,200,,,http://finance:9501/transaction,,
http_req_sending,1730305231,0.054167,,,,true,,POST,http://finance:9501/transaction,HTTP/1.1,default,,200,,,http://finance:9501/transaction,,
http_req_waiting,1730305231,8.735792,,,,true,,POST,http://finance:9501/transaction,HTTP/1.1,default,,200,,,http://finance:9501/transaction,,
http_req_receiving,1730305231,0.074750,,,,true,,POST,http://finance:9501/transaction,HTTP/1.1,default,,200,,,http://finance:9501/transaction,,
http_req_failed,1730305231,0.000000,,,,true,,POST,http://finance:9501/transaction,HTTP/1.1,default,,200,,,http://finance:9501/transaction,,
checks,1730305231,1.000000,sake status is 200,,,,,,,,default,,,,,,,
vus,1730305232,1.000000,,,,,,,,,,,,,,,,
vus_max,1730305232,1.000000,,,,,,,,,,,,,,,,
http_reqs,1730305232,1.000000,,,,true,,POST,http://finance:9501/transfer,HTTP/1.1,default,,200,,,http://finance:9501/transfer,,
http_req_duration,1730305232,20.166875,,,,true,,POST,http://finance:9501/transfer,HTTP/1.1,default,,200,,,http://finance:9501/transfer,,
http_req_blocked,1730305232,0.077667,,,,true,,POST,http://finance:9501/transfer,HTTP/1.1,default,,200,,,http://finance:9501/transfer,,
http_req_connecting,1730305232,0.000000,,,,true,,POST,http://finance:9501/transfer,HTTP/1.1,default,,200,,,http://finance:9501/transfer,,
http_req_tls_handshaking,1730305232,0.000000,,,,true,,POST,http://finance:9501/transfer,HTTP/1.1,default,,200,,,http://finance:9501/transfer,,
http_req_sending,1730305232,0.181417,,,,true,,POST,http://finance:9501/transfer,HTTP/1.1,default,,200,,,http://finance:9501/transfer,,
http_req_waiting,1730305232,19.691875,,,,true,,POST,http://finance:9501/transfer,HTTP/1.1,default,,200,,,http://finance:9501/transfer,,
http_req_receiving,1730305232,0.293583,,,,true,,POST,http://finance:9501/transfer,HTTP/1.1,default,,200,,,http://finance:9501/transfer,,
http_req_failed,1730305232,0.000000,,,,true,,POST,http://finance:9501/transfer,HTTP/1.1,default,,200,,,http://finance:9501/transfer,,
checks,1730305232,1.000000,transfer status is 200,,,,,,,,default,,,,,,,
vus,1730305233,1.000000,,,,,,,,,,,,,,,,
vus_max,1730305233,1.000000,,,,,,,,,,,,,,,,
data_sent,1730305233,799.000000,,,,,,,,,default,,,,,,,
data_received,1730305233,2102.000000,,,,,,,,,default,,,,,,,
iteration_duration,1730305233,3047.041001,,,,,,,,,default,,,,,,,
iterations,1730305233,1.000000,,,,,,,,,default,,,,,,,
http_reqs,1730305233,1.000000,,,,true,,POST,http://finance:9501/transaction,HTTP/1.1,default,,200,,,http://finance:9501/transaction,,
http_req_duration,1730305233,11.237250,,,,true,,POST,http://finance:9501/transaction,HTTP/1.1,default,,200,,,http://finance:9501/transaction,,
http_req_blocked,1730305233,0.010417,,,,true,,POST,http://finance:9501/transaction,HTTP/1.1,default,,200,,,http://finance:9501/transaction,,
http_req_connecting,1730305233,0.000000,,,,true,,POST,http://finance:9501/transaction,HTTP/1.1,default,,200,,,http://finance:9501/transaction,,
http_req_tls_handshaking,1730305233,0.000000,,,,true,,POST,http://finance:9501/transaction,HTTP/1.1,default,,200,,,http://finance:9501/transaction,,
http_req_sending,1730305233,0.048958,,,,true,,POST,http://finance:9501/transaction,HTTP/1.1,default,,200,,,http://finance:9501/transaction,,
http_req_waiting,1730305233,11.033417,,,,true,,POST,http://finance:9501/transaction,HTTP/1.1,default,,200,,,http://finance:9501/transaction,,
http_req_receiving,1730305233,0.154875,,,,true,,POST,http://finance:9501/transaction,HTTP/1.1,default,,200,,,http://finance:9501/transaction,,
http_req_failed,1730305233,0.000000,,,,true,,POST,http://finance:9501/transaction,HTTP/1.1,default,,200,,,http://finance:9501/transaction,,
checks,1730305233,1.000000,deposit status is 200,,,,,,,,default,,,,,,,
vus,1730305234,1.000000,,,,,,,,,,,,,,,,
vus_max,1730305234,1.000000,,,,,,,,,,,,,,,,
http_reqs,1730305234,1.000000,,,,true,,POST,http://finance:9501/transaction,HTTP/1.1,default,,200,,,http://finance:9501/transaction,,
http_req_duration,1730305234,45.154459,,,,true,,POST,http://finance:9501/transaction,HTTP/1.1,default,,200,,,http://finance:9501/transaction,,
http_req_blocked,1730305234,0.084916,,,,true,,POST,http://finance:9501/transaction,HTTP/1.1,default,,200,,,http://finance:9501/transaction,,
http_req_connecting,1730305234,0.000000,,,,true,,POST,http://finance:9501/transaction,HTTP/1.1,default,,200,,,http://finance:9501/transaction,,
http_req_tls_handshaking,1730305234,0.000000,,,,true,,POST,http://finance:9501/transaction,HTTP/1.1,default,,200,,,http://finance:9501/transaction,,
http_req_sending,1730305234,0.195709,,,,true,,POST,http://finance:9501/transaction,HTTP/1.1,default,,200,,,http://finance:9501/transaction,,
http_req_waiting,1730305234,44.662041,,,,true,,POST,http://finance:9501/transaction,HTTP/1.1,default,,200,,,http://finance:9501/transaction,,
http_req_receiving,1730305234,0.296709,,,,true,,POST,http://finance:9501/transaction,HTTP/1.1,default,,200,,,http://finance:9501/transaction,,
http_req_failed,1730305234,0.000000,,,,true,,POST,http://finance:9501/transaction,HTTP/1.1,default,,200,,,http://finance:9501/transaction,,
checks,1730305234,1.000000,sake status is 200,,,,,,,,default,,,,,,,
vus,1730305235,1.000000,,,,,,,,,,,,,,,,
vus_max,1730305235,1.000000,,,,,,,,,,,,,,,,
http_reqs,1730305236,1.000000,,,,true,,POST,http://finance:9501/transfer,HTTP/1.1,default,,200,,,http://finance:9501/transfer,,
http_req_duration,1730305236,20.146666,,,,true,,POST,http://finance:9501/transfer,HTTP/1.1,default,,200,,,http://finance:9501/transfer,,
http_req_blocked,1730305236,0.108625,,,,true,,POST,http://finance:9501/transfer,HTTP/1.1,default,,200,,,http://finance:9501/transfer,,
http_req_connecting,1730305236,0.000000,,,,true,,POST,http://finance:9501/transfer,HTTP/1.1,default,,200,,,http://finance:9501/transfer,,
http_req_tls_handshaking,1730305236,0.000000,,,,true,,POST,http://finance:9501/transfer,HTTP/1.1,default,,200,,,http://finance:9501/transfer,,
http_req_sending,1730305236,0.187125,,,,true,,POST,http://finance:9501/transfer,HTTP/1.1,default,,200,,,http://finance:9501/transfer,,
http_req_waiting,1730305236,19.635500,,,,true,,POST,http://finance:9501/transfer,HTTP/1.1,default,,200,,,http://finance:9501/transfer,,
http_req_receiving,1730305236,0.324041,,,,true,,POST,http://finance:9501/transfer,HTTP/1.1,default,,200,,,http://finance:9501/transfer,,
http_req_failed,1730305236,0.000000,,,,true,,POST,http://finance:9501/transfer,HTTP/1.1,default,,200,,,http://finance:9501/transfer,,
checks,1730305236,1.000000,transfer status is 200,,,,,,,,default,,,,,,,
vus,1730305236,1.000000,,,,,,,,,,,,,,,,
vus_max,1730305236,1.000000,,,,,,,,,,,,,,,,
data_sent,1730305237,799.000000,,,,,,,,,default,,,,,,,
data_received,1730305237,2102.000000,,,,,,,,,default,,,,,,,
iteration_duration,1730305237,3087.298835,,,,,,,,,default,,,,,,,
iterations,1730305237,1.000000,,,,,,,,,default,,,,,,,
http_reqs,1730305237,1.000000,,,,true,,POST,http://finance:9501/transaction,HTTP/1.1,default,,200,,,http://finance:9501/transaction,,
http_req_duration,1730305237,11.445958,,,,true,,POST,http://finance:9501/transaction,HTTP/1.1,default,,200,,,http://finance:9501/transaction,,
http_req_blocked,1730305237,0.014500,,,,true,,POST,http://finance:9501/transaction,HTTP/1.1,default,,200,,,http://finance:9501/transaction,,
http_req_connecting,1730305237,0.000000,,,,true,,POST,http://finance:9501/transaction,HTTP/1.1,default,,200,,,http://finance:9501/transaction,,
http_req_tls_handshaking,1730305237,0.000000,,,,true,,POST,http://finance:9501/transaction,HTTP/1.1,default,,200,,,http://finance:9501/transaction,,
http_req_sending,1730305237,0.051417,,,,true,,POST,http://finance:9501/transaction,HTTP/1.1,default,,200,,,http://finance:9501/transaction,,
http_req_waiting,1730305237,11.115041,,,,true,,POST,http://finance:9501/transaction,HTTP/1.1,default,,200,,,http://finance:9501/transaction,,
http_req_receiving,1730305237,0.279500,,,,true,,POST,http://finance:9501/transaction,HTTP/1.1,default,,200,,,http://finance:9501/transaction,,
http_req_failed,1730305237,0.000000,,,,true,,POST,http://finance:9501/transaction,HTTP/1.1,default,,200,,,http://finance:9501/transaction,,
checks,1730305237,1.000000,deposit status is 200,,,,,,,,default,,,,,,,
vus,1730305237,1.000000,,,,,,,,,,,,,,,,
vus_max,1730305237,1.000000,,,,,,,,,,,,,,,,
http_reqs,1730305238,1.000000,,,,true,,POST,http://finance:9501/transaction,HTTP/1.1,default,,200,,,http://finance:9501/transaction,,
http_req_duration,1730305238,23.859917,,,,true,,POST,http://finance:9501/transaction,HTTP/1.1,default,,200,,,http://finance:9501/transaction,,
http_req_blocked,1730305238,0.032167,,,,true,,POST,http://finance:9501/transaction,HTTP/1.1,default,,200,,,http://finance:9501/transaction,,
http_req_connecting,1730305238,0.000000,,,,true,,POST,http://finance:9501/transaction,HTTP/1.1,default,,200,,,http://finance:9501/transaction,,
http_req_tls_handshaking,1730305238,0.000000,,,,true,,POST,http://finance:9501/transaction,HTTP/1.1,default,,200,,,http://finance:9501/transaction,,
http_req_sending,1730305238,0.120250,,,,true,,POST,http://finance:9501/transaction,HTTP/1.1,default,,200,,,http://finance:9501/transaction,,
http_req_waiting,1730305238,23.342625,,,,true,,POST,http://finance:9501/transaction,HTTP/1.1,default,,200,,,http://finance:9501/transaction,,
http_req_receiving,1730305238,0.397042,,,,true,,POST,http://finance:9501/transaction,HTTP/1.1,default,,200,,,http://finance:9501/transaction,,
http_req_failed,1730305238,0.000000,,,,true,,POST,http://finance:9501/transaction,HTTP/1.1,default,,200,,,http://finance:9501/transaction,,
checks,1730305238,1.000000,sake status is 200,,,,,,,,default,,,,,,,
vus,1730305238,1.000000,,,,,,,,,,,,,,,,
vus_max,1730305238,1.000000,,,,,,,,,,,,,,,,
http_reqs,1730305239,1.000000,,,,true,,POST,http://finance:9501/transfer,HTTP/1.1,default,,200,,,http://finance:9501/transfer,,
http_req_duration,1730305239,31.296584,,,,true,,POST,http://finance:9501/transfer,HTTP/1.1,default,,200,,,http://finance:9501/transfer,,
http_req_blocked,1730305239,0.048541,,,,true,,POST,http://finance:9501/transfer,HTTP/1.1,default,,200,,,http://finance:9501/transfer,,
http_req_connecting,1730305239,0.000000,,,,true,,POST,http://finance:9501/transfer,HTTP/1.1,default,,200,,,http://finance:9501/transfer,,
http_req_tls_handshaking,1730305239,0.000000,,,,true,,POST,http://finance:9501/transfer,HTTP/1.1,default,,200,,,http://finance:9501/transfer,,
http_req_sending,1730305239,0.125125,,,,true,,POST,http://finance:9501/transfer,HTTP/1.1,default,,200,,,http://finance:9501/transfer,,
http_req_waiting,1730305239,30.848709,,,,true,,POST,http://finance:9501/transfer,HTTP/1.1,default,,200,,,http://finance:9501/transfer,,
http_req_receiving,1730305239,0.322750,,,,true,,POST,http://finance:9501/transfer,HTTP/1.1,default,,200,,,http://finance:9501/transfer,,
http_req_failed,1730305239,0.000000,,,,true,,POST,http://finance:9501/transfer,HTTP/1.1,default,,200,,,http://finance:9501/transfer,,
checks,1730305239,1.000000,transfer status is 200,,,,,,,,default,,,,,,,
vus,1730305239,1.000000,,,,,,,,,,,,,,,,
vus_max,1730305239,1.000000,,,,,,,,,,,,,,,,
data_sent,1730305240,799.000000,,,,,,,,,default,,,,,,,
data_received,1730305240,2102.000000,,,,,,,,,default,,,,,,,
iteration_duration,1730305240,3074.317501,,,,,,,,,default,,,,,,,
iterations,1730305240,1.000000,,,,,,,,,default,,,,,,,
http_reqs,1730305240,1.000000,,,,true,,POST,http://finance:9501/transaction,HTTP/1.1,default,,200,,,http://finance:9501/transaction,,
http_req_duration,1730305240,28.591417,,,,true,,POST,http://finance:9501/transaction,HTTP/1.1,default,,200,,,http://finance:9501/transaction,,
http_req_blocked,1730305240,0.034083,,,,true,,POST,http://finance:9501/transaction,HTTP/1.1,default,,200,,,http://finance:9501/transaction,,
http_req_connecting,1730305240,0.000000,,,,true,,POST,http://finance:9501/transaction,HTTP/1.1,default,,200,,,http://finance:9501/transaction,,
http_req_tls_handshaking,1730305240,0.000000,,,,true,,POST,http://finance:9501/transaction,HTTP/1.1,default,,200,,,http://finance:9501/transaction,,
http_req_sending,1730305240,0.032375,,,,true,,POST,http://finance:9501/transaction,HTTP/1.1,default,,200,,,http://finance:9501/transaction,,
http_req_waiting,1730305240,28.452875,,,,true,,POST,http://finance:9501/transaction,HTTP/1.1,default,,200,,,http://finance:9501/transaction,,
http_req_receiving,1730305240,0.106167,,,,true,,POST,http://finance:9501/transaction,HTTP/1.1,default,,200,,,http://finance:9501/transaction,,
http_req_failed,1730305240,0.000000,,,,true,,POST,http://finance:9501/transaction,HTTP/1.1,default,,200,,,http://finance:9501/transaction,,
checks,1730305240,1.000000,deposit status is 200,,,,,,,,default,,,,,,,
vus,1730305240,1.000000,,,,,,,,,,,,,,,,
vus_max,1730305240,1.000000,,,,,,,,,,,,,,,,
http_reqs,1730305241,1.000000,,,,true,,POST,http://finance:9501/transaction,HTTP/1.1,default,,200,,,http://finance:9501/transaction,,
http_req_duration,1730305241,12.957125,,,,true,,POST,http://finance:9501/transaction,HTTP/1.1,default,,200,,,http://finance:9501/transaction,,
http_req_blocked,1730305241,0.012625,,,,true,,POST,http://finance:9501/transaction,HTTP/1.1,default,,200,,,http://finance:9501/transaction,,
http_req_connecting,1730305241,0.000000,,,,true,,POST,http://finance:9501/transaction,HTTP/1.1,default,,200,,,http://finance:9501/transaction,,
http_req_tls_handshaking,1730305241,0.000000,,,,true,,POST,http://finance:9501/transaction,HTTP/1.1,default,,200,,,http://finance:9501/transaction,,
http_req_sending,1730305241,0.052833,,,,true,,POST,http://finance:9501/transaction,HTTP/1.1,default,,200,,,http://finance:9501/transaction,,
http_req_waiting,1730305241,12.631458,,,,true,,POST,http://finance:9501/transaction,HTTP/1.1,default,,200,,,http://finance:9501/transaction,,
http_req_receiving,1730305241,0.272834,,,,true,,POST,http://finance:9501/transaction,HTTP/1.1,default,,200,,,http://finance:9501/transaction,,
http_req_failed,1730305241,0.000000,,,,true,,POST,http://finance:9501/transaction,HTTP/1.1,default,,200,,,http://finance:9501/transaction,,
checks,1730305241,1.000000,sake status is 200,,,,,,,,default,,,,,,,
vus,1730305241,1.000000,,,,,,,,,,,,,,,,
vus_max,1730305241,1.000000,,,,,,,,,,,,,,,,
http_reqs,1730305242,1.000000,,,,true,,POST,http://finance:9501/transfer,HTTP/1.1,default,,200,,,http://finance:9501/transfer,,
http_req_duration,1730305242,27.337166,,,,true,,POST,http://finance:9501/transfer,HTTP/1.1,default,,200,,,http://finance:9501/transfer,,
http_req_blocked,1730305242,0.011125,,,,true,,POST,http://finance:9501/transfer,HTTP/1.1,default,,200,,,http://finance:9501/transfer,,
http_req_connecting,1730305242,0.000000,,,,true,,POST,http://finance:9501/transfer,HTTP/1.1,default,,200,,,http://finance:9501/transfer,,
http_req_tls_handshaking,1730305242,0.000000,,,,true,,POST,http://finance:9501/transfer,HTTP/1.1,default,,200,,,http://finance:9501/transfer,,
http_req_sending,1730305242,0.067041,,,,true,,POST,http://finance:9501/transfer,HTTP/1.1,default,,200,,,http://finance:9501/transfer,,
http_req_waiting,1730305242,27.142709,,,,true,,POST,http://finance:9501/transfer,HTTP/1.1,default,,200,,,http://finance:9501/transfer,,
http_req_receiving,1730305242,0.127416,,,,true,,POST,http://finance:9501/transfer,HTTP/1.1,default,,200,,,http://finance:9501/transfer,,
http_req_failed,1730305242,0.000000,,,,true,,POST,http://finance:9501/transfer,HTTP/1.1,default,,200,,,http://finance:9501/transfer,,
checks,1730305242,1.000000,transfer status is 200,,,,,,,,default,,,,,,,
vus,1730305242,1.000000,,,,,,,,,,,,,,,,
vus_max,1730305242,1.000000,,,,,,,,,,,,,,,,
data_sent,1730305243,799.000000,,,,,,,,,default,,,,,,,
data_received,1730305243,2102.000000,,,,,,,,,default,,,,,,,
iteration_duration,1730305243,3074.604460,,,,,,,,,default,,,,,,,
iterations,1730305243,1.000000,,,,,,,,,default,,,,,,,
http_reqs,1730305243,1.000000,,,,true,,POST,http://finance:9501/transaction,HTTP/1.1,default,,200,,,http://finance:9501/transaction,,
http_req_duration,1730305243,11.145083,,,,true,,POST,http://finance:9501/transaction,HTTP/1.1,default,,200,,,http://finance:9501/transaction,,
http_req_blocked,1730305243,0.021958,,,,true,,POST,http://finance:9501/transaction,HTTP/1.1,default,,200,,,http://finance:9501/transaction,,
http_req_connecting,1730305243,0.000000,,,,true,,POST,http://finance:9501/transaction,HTTP/1.1,default,,200,,,http://finance:9501/transaction,,
http_req_tls_handshaking,1730305243,0.000000,,,,true,,POST,http://finance:9501/transaction,HTTP/1.1,default,,200,,,http://finance:9501/transaction,,
http_req_sending,1730305243,0.101542,,,,true,,POST,http://finance:9501/transaction,HTTP/1.1,default,,200,,,http://finance:9501/transaction,,
http_req_waiting,1730305243,10.913666,,,,true,,POST,http://finance:9501/transaction,HTTP/1.1,default,,200,,,http://finance:9501/transaction,,
http_req_receiving,1730305243,0.129875,,,,true,,POST,http://finance:9501/transaction,HTTP/1.1,default,,200,,,http://finance:9501/transaction,,
http_req_failed,1730305243,0.000000,,,,true,,POST,http://finance:9501/transaction,HTTP/1.1,default,,200,,,http://finance:9501/transaction,,
checks,1730305243,1.000000,deposit status is 200,,,,,,,,default,,,,,,,
vus,1730305243,1.000000,,,,,,,,,,,,,,,,
vus_max,1730305243,1.000000,,,,,,,,,,,,,,,,
http_reqs,1730305244,1.000000,,,,true,,POST,http://finance:9501/transaction,HTTP/1.1,default,,200,,,http://finance:9501/transaction,,
http_req_duration,1730305244,8.657042,,,,true,,POST,http://finance:9501/transaction,HTTP/1.1,default,,200,,,http://finance:9501/transaction,,
http_req_blocked,1730305244,0.014208,,,,true,,POST,http://finance:9501/transaction,HTTP/1.1,default,,200,,,http://finance:9501/transaction,,
http_req_connecting,1730305244,0.000000,,,,true,,POST,http://finance:9501/transaction,HTTP/1.1,default,,200,,,http://finance:9501/transaction,,
http_req_tls_handshaking,1730305244,0.000000,,,,true,,POST,http://finance:9501/transaction,HTTP/1.1,default,,200,,,http://finance:9501/transaction,,
http_req_sending,1730305244,0.071333,,,,true,,POST,http://finance:9501/transaction,HTTP/1.1,default,,200,,,http://finance:9501/transaction,,
http_req_waiting,1730305244,8.437292,,,,true,,POST,http://finance:9501/transaction,HTTP/1.1,default,,200,,,http://finance:9501/transaction,,
http_req_receiving,1730305244,0.148417,,,,true,,POST,http://finance:9501/transaction,HTTP/1.1,default,,200,,,http://finance:9501/transaction,,
http_req_failed,1730305244,0.000000,,,,true,,POST,http://finance:9501/transaction,HTTP/1.1,default,,200,,,http://finance:9501/transaction,,
checks,1730305244,1.000000,sake status is 200,,,,,,,,default,,,,,,,
vus,1730305244,1.000000,,,,,,,,,,,,,,,,
vus_max,1730305244,1.000000,,,,,,,,,,,,,,,,
http_reqs,1730305245,1.000000,,,,true,,POST,http://finance:9501/transfer,HTTP/1.1,default,,200,,,http://finance:9501/transfer,,
http_req_duration,1730305245,15.828083,,,,true,,POST,http://finance:9501/transfer,HTTP/1.1,default,,200,,,http://finance:9501/transfer,,
http_req_blocked,1730305245,0.179459,,,,true,,POST,http://finance:9501/transfer,HTTP/1.1,default,,200,,,http://finance:9501/transfer,,
http_req_connecting,1730305245,0.000000,,,,true,,POST,http://finance:9501/transfer,HTTP/1.1,default,,200,,,http://finance:9501/transfer,,
http_req_tls_handshaking,1730305245,0.000000,,,,true,,POST,http://finance:9501/transfer,HTTP/1.1,default,,200,,,http://finance:9501/transfer,,
http_req_sending,1730305245,0.068250,,,,true,,POST,http://finance:9501/transfer,HTTP/1.1,default,,200,,,http://finance:9501/transfer,,
http_req_waiting,1730305245,15.616750,,,,true,,POST,http://finance:9501/transfer,HTTP/1.1,default,,200,,,http://finance:9501/transfer,,
http_req_receiving,1730305245,0.143083,,,,true,,POST,http://finance:9501/transfer,HTTP/1.1,default,,200,,,http://finance:9501/transfer,,
http_req_failed,1730305245,0.000000,,,,true,,POST,http://finance:9501/transfer,HTTP/1.1,default,,200,,,http://finance:9501/transfer,,
checks,1730305245,1.000000,transfer status is 200,,,,,,,,default,,,,,,,
vus,1730305245,1.000000,,,,,,,,,,,,,,,,
vus_max,1730305245,1.000000,,,,,,,,,,,,,,,,
data_sent,1730305246,799.000000,,,,,,,,,default,,,,,,,
data_received,1730305246,2102.000000,,,,,,,,,default,,,,,,,
iteration_duration,1730305246,3046.201169,,,,,,,,,default,,,,,,,
iterations,1730305246,1.000000,,,,,,,,,default,,,,,,,
http_reqs,1730305246,1.000000,,,,true,,POST,http://finance:9501/transaction,HTTP/1.1,default,,200,,,http://finance:9501/transaction,,
http_req_duration,1730305246,13.397792,,,,true,,POST,http://finance:9501/transaction,HTTP/1.1,default,,200,,,http://finance:9501/transaction,,
http_req_blocked,1730305246,0.042041,,,,true,,POST,http://finance:9501/transaction,HTTP/1.1,default,,200,,,http://finance:9501/transaction,,
http_req_connecting,1730305246,0.000000,,,,true,,POST,http://finance:9501/transaction,HTTP/1.1,default,,200,,,http://finance:9501/transaction,,
http_req_tls_handshaking,1730305246,0.000000,,,,true,,POST,http://finance:9501/transaction,HTTP/1.1,default,,200,,,http://finance:9501/transaction,,
http_req_sending,1730305246,0.115584,,,,true,,POST,http://finance:9501/transaction,HTTP/1.1,default,,200,,,http://finance:9501/transaction,,
http_req_waiting,1730305246,12.995791,,,,true,,POST,http://finance:9501/transaction,HTTP/1.1,default,,200,,,http://finance:9501/transaction,,
http_req_receiving,1730305246,0.286417,,,,true,,POST,http://finance:9501/transaction,HTTP/1.1,default,,200,,,http://finance:9501/transaction,,
http_req_failed,1730305246,0.000000,,,,true,,POST,http://finance:9501/transaction,HTTP/1.1,default,,200,,,http://finance:9501/transaction,,
checks,1730305246,1.000000,deposit status is 200,,,,,,,,default,,,,,,,
vus,1730305246,1.000000,,,,,,,,,,,,,,,,
vus_max,1730305246,1.000000,,,,,,,,,,,,,,,,
http_reqs,1730305247,1.000000,,,,true,,POST,http://finance:9501/transaction,HTTP/1.1,default,,200,,,http://finance:9501/transaction,,
http_req_duration,1730305247,9.843000,,,,true,,POST,http://finance:9501/transaction,HTTP/1.1,default,,200,,,http://finance:9501/transaction,,
http_req_blocked,1730305247,0.006875,,,,true,,POST,http://finance:9501/transaction,HTTP/1.1,default,,200,,,http://finance:9501/transaction,,
http_req_connecting,1730305247,0.000000,,,,true,,POST,http://finance:9501/transaction,HTTP/1.1,default,,200,,,http://finance:9501/transaction,,
http_req_tls_handshaking,1730305247,0.000000,,,,true,,POST,http://finance:9501/transaction,HTTP/1.1,default,,200,,,http://finance:9501/transaction,,
http_req_sending,1730305247,0.052625,,,,true,,POST,http://finance:9501/transaction,HTTP/1.1,default,,200,,,http://finance:9501/transaction,,
http_req_waiting,1730305247,9.638959,,,,true,,POST,http://finance:9501/transaction,HTTP/1.1,default,,200,,,http://finance:9501/transaction,,
http_req_receiving,1730305247,0.151416,,,,true,,POST,http://finance:9501/transaction,HTTP/1.1,default,,200,,,http://finance:9501/transaction,,
http_req_failed,1730305247,0.000000,,,,true,,POST,http://finance:9501/transaction,HTTP/1.1,default,,200,,,http://finance:9501/transaction,,
checks,1730305247,1.000000,sake status is 200,,,,,,,,default,,,,,,,
vus,1730305247,1.000000,,,,,,,,,,,,,,,,
vus_max,1730305247,1.000000,,,,,,,,,,,,,,,,
http_reqs,1730305248,1.000000,,,,true,,POST,http://finance:9501/transfer,HTTP/1.1,default,,200,,,http://finance:9501/transfer,,
http_req_duration,1730305248,26.063333,,,,true,,POST,http://finance:9501/transfer,HTTP/1.1,default,,200,,,http://finance:9501/transfer,,
http_req_blocked,1730305248,0.035959,,,,true,,POST,http://finance:9501/transfer,HTTP/1.1,default,,200,,,http://finance:9501/transfer,,
http_req_connecting,1730305248,0.000000,,,,true,,POST,http://finance:9501/transfer,HTTP/1.1,default,,200,,,http://finance:9501/transfer,,
http_req_tls_handshaking,1730305248,0.000000,,,,true,,POST,http://finance:9501/transfer,HTTP/1.1,default,,200,,,http://finance:9501/transfer,,
http_req_sending,1730305248,0.126000,,,,true,,POST,http://finance:9501/transfer,HTTP/1.1,default,,200,,,http://finance:9501/transfer,,
http_req_waiting,1730305248,25.603625,,,,true,,POST,http://finance:9501/transfer,HTTP/1.1,default,,200,,,http://finance:9501/transfer,,
http_req_receiving,1730305248,0.333708,,,,true,,POST,http://finance:9501/transfer,HTTP/1.1,default,,200,,,http://finance:9501/transfer,,
http_req_failed,1730305248,0.000000,,,,true,,POST,http://finance:9501/transfer,HTTP/1.1,default,,200,,,http://finance:9501/transfer,,
checks,1730305248,1.000000,transfer status is 200,,,,,,,,default,,,,,,,
vus,1730305248,1.000000,,,,,,,,,,,,,,,,
vus_max,1730305248,1.000000,,,,,,,,,,,,,,,,
data_sent,1730305249,799.000000,,,,,,,,,default,,,,,,,
data_received,1730305249,2102.000000,,,,,,,,,default,,,,,,,
iteration_duration,1730305249,3056.517584,,,,,,,,,default,,,,,,,
iterations,1730305249,1.000000,,,,,,,,,default,,,,,,,
vus,1730305249,1.000000,,,,,,,,,,,,,,,,
vus_max,1730305249,1.000000,,,,,,,,,,,,,,,,
http_reqs,1730305249,1.000000,,,,true,,POST,http://finance:9501/transaction,HTTP/1.1,default,,200,,,http://finance:9501/transaction,,
http_req_duration,1730305249,12.196333,,,,true,,POST,http://finance:9501/transaction,HTTP/1.1,default,,200,,,http://finance:9501/transaction,,
http_req_blocked,1730305249,0.172084,,,,true,,POST,http://finance:9501/transaction,HTTP/1.1,default,,200,,,http://finance:9501/transaction,,
http_req_connecting,1730305249,0.000000,,,,true,,POST,http://finance:9501/transaction,HTTP/1.1,default,,200,,,http://finance:9501/transaction,,
http_req_tls_handshaking,1730305249,0.000000,,,,true,,POST,http://finance:9501/transaction,HTTP/1.1,default,,200,,,http://finance:9501/transaction,,
http_req_sending,1730305249,0.158000,,,,true,,POST,http://finance:9501/transaction,HTTP/1.1,default,,200,,,http://finance:9501/transaction,,
http_req_waiting,1730305249,11.850500,,,,true,,POST,http://finance:9501/transaction,HTTP/1.1,default,,200,,,http://finance:9501/transaction,,
http_req_receiving,1730305249,0.187833,,,,true,,POST,http://finance:9501/transaction,HTTP/1.1,default,,200,,,http://finance:9501/transaction,,
http_req_failed,1730305249,0.000000,,,,true,,POST,http://finance:9501/transaction,HTTP/1.1,default,,200,,,http://finance:9501/transaction,,
checks,1730305249,1.000000,deposit status is 200,,,,,,,,default,,,,,,,
vus,1730305250,1.000000,,,,,,,,,,,,,,,,
vus_max,1730305250,1.000000,,,,,,,,,,,,,,,,
http_reqs,1730305250,1.000000,,,,true,,POST,http://finance:9501/transaction,HTTP/1.1,default,,200,,,http://finance:9501/transaction,,
http_req_duration,1730305250,15.676417,,,,true,,POST,http://finance:9501/transaction,HTTP/1.1,default,,200,,,http://finance:9501/transaction,,
http_req_blocked,1730305250,0.010708,,,,true,,POST,http://finance:9501/transaction,HTTP/1.1,default,,200,,,http://finance:9501/transaction,,
http_req_connecting,1730305250,0.000000,,,,true,,POST,http://finance:9501/transaction,HTTP/1.1,default,,200,,,http://finance:9501/transaction,,
http_req_tls_handshaking,1730305250,0.000000,,,,true,,POST,http://finance:9501/transaction,HTTP/1.1,default,,200,,,http://finance:9501/transaction,,
http_req_sending,1730305250,0.058500,,,,true,,POST,http://finance:9501/transaction,HTTP/1.1,default,,200,,,http://finance:9501/transaction,,
http_req_waiting,1730305250,15.485209,,,,true,,POST,http://finance:9501/transaction,HTTP/1.1,default,,200,,,http://finance:9501/transaction,,
http_req_receiving,1730305250,0.132708,,,,true,,POST,http://finance:9501/transaction,HTTP/1.1,default,,200,,,http://finance:9501/transaction,,
http_req_failed,1730305250,0.000000,,,,true,,POST,http://finance:9501/transaction,HTTP/1.1,default,,200,,,http://finance:9501/transaction,,
checks,1730305250,1.000000,sake status is 200,,,,,,,,default,,,,,,,
vus,1730305251,1.000000,,,,,,,,,,,,,,,,
vus_max,1730305251,1.000000,,,,,,,,,,,,,,,,
http_reqs,1730305251,1.000000,,,,true,,POST,http://finance:9501/transfer,HTTP/1.1,default,,200,,,http://finance:9501/transfer,,
http_req_duration,1730305251,31.812291,,,,true,,POST,http://finance:9501/transfer,HTTP/1.1,default,,200,,,http://finance:9501/transfer,,
http_req_blocked,1730305251,0.051334,,,,true,,POST,http://finance:9501/transfer,HTTP/1.1,default,,200,,,http://finance:9501/transfer,,
http_req_connecting,1730305251,0.000000,,,,true,,POST,http://finance:9501/transfer,HTTP/1.1,default,,200,,,http://finance:9501/transfer,,
http_req_tls_handshaking,1730305251,0.000000,,,,true,,POST,http://finance:9501/transfer,HTTP/1.1,default,,200,,,http://finance:9501/transfer,,
http_req_sending,1730305251,0.210375,,,,true,,POST,http://finance:9501/transfer,HTTP/1.1,default,,200,,,http://finance:9501/transfer,,
http_req_waiting,1730305251,31.392791,,,,true,,POST,http://finance:9501/transfer,HTTP/1.1,default,,200,,,http://finance:9501/transfer,,
http_req_receiving,1730305251,0.209125,,,,true,,POST,http://finance:9501/transfer,HTTP/1.1,default,,200,,,http://finance:9501/transfer,,
http_req_failed,1730305251,0.000000,,,,true,,POST,http://finance:9501/transfer,HTTP/1.1,default,,200,,,http://finance:9501/transfer,,
checks,1730305251,1.000000,transfer status is 200,,,,,,,,default,,,,,,,
vus,1730305252,1.000000,,,,,,,,,,,,,,,,
vus_max,1730305252,1.000000,,,,,,,,,,,,,,,,
data_sent,1730305252,799.000000,,,,,,,,,default,,,,,,,
data_received,1730305252,2102.000000,,,,,,,,,default,,,,,,,
iteration_duration,1730305252,3065.772627,,,,,,,,,default,,,,,,,
iterations,1730305252,1.000000,,,,,,,,,default,,,,,,,
http_reqs,1730305252,1.000000,,,,true,,POST,http://finance:9501/transaction,HTTP/1.1,default,,200,,,http://finance:9501/transaction,,
http_req_duration,1730305252,11.694291,,,,true,,POST,http://finance:9501/transaction,HTTP/1.1,default,,200,,,http://finance:9501/transaction,,
http_req_blocked,1730305252,0.061209,,,,true,,POST,http://finance:9501/transaction,HTTP/1.1,default,,200,,,http://finance:9501/transaction,,
http_req_connecting,1730305252,0.000000,,,,true,,POST,http://finance:9501/transaction,HTTP/1.1,default,,200,,,http://finance:9501/transaction,,
http_req_tls_handshaking,1730305252,0.000000,,,,true,,POST,http://finance:9501/transaction,HTTP/1.1,default,,200,,,http://finance:9501/transaction,,
http_req_sending,1730305252,0.170916,,,,true,,POST,http://finance:9501/transaction,HTTP/1.1,default,,200,,,http://finance:9501/transaction,,
http_req_waiting,1730305252,11.316792,,,,true,,POST,http://finance:9501/transaction,HTTP/1.1,default,,200,,,http://finance:9501/transaction,,
http_req_receiving,1730305252,0.206583,,,,true,,POST,http://finance:9501/transaction,HTTP/1.1,default,,200,,,http://finance:9501/transaction,,
http_req_failed,1730305252,0.000000,,,,true,,POST,http://finance:9501/transaction,HTTP/1.1,default,,200,,,http://finance:9501/transaction,,
checks,1730305252,1.000000,deposit status is 200,,,,,,,,default,,,,,,,
vus,1730305253,1.000000,,,,,,,,,,,,,,,,
vus_max,1730305253,1.000000,,,,,,,,,,,,,,,,
http_reqs,1730305253,1.000000,,,,true,,POST,http://finance:9501/transaction,HTTP/1.1,default,,200,,,http://finance:9501/transaction,,
http_req_duration,1730305253,10.265583,,,,true,,POST,http://finance:9501/transaction,HTTP/1.1,default,,200,,,http://finance:9501/transaction,,
http_req_blocked,1730305253,0.009875,,,,true,,POST,http://finance:9501/transaction,HTTP/1.1,default,,200,,,http://finance:9501/transaction,,
http_req_connecting,1730305253,0.000000,,,,true,,POST,http://finance:9501/transaction,HTTP/1.1,default,,200,,,http://finance:9501/transaction,,
http_req_tls_handshaking,1730305253,0.000000,,,,true,,POST,http://finance:9501/transaction,HTTP/1.1,default,,200,,,http://finance:9501/transaction,,
http_req_sending,1730305253,0.079417,,,,true,,POST,http://finance:9501/transaction,HTTP/1.1,default,,200,,,http://finance:9501/transaction,,
http_req_waiting,1730305253,9.987833,,,,true,,POST,http://finance:9501/transaction,HTTP/1.1,default,,200,,,http://finance:9501/transaction,,
http_req_receiving,1730305253,0.198333,,,,true,,POST,http://finance:9501/transaction,HTTP/1.1,default,,200,,,http://finance:9501/transaction,,
http_req_failed,1730305253,0.000000,,,,true,,POST,http://finance:9501/transaction,HTTP/1.1,default,,200,,,http://finance:9501/transaction,,
checks,1730305253,1.000000,sake status is 200,,,,,,,,default,,,,,,,
vus,1730305254,1.000000,,,,,,,,,,,,,,,,
vus_max,1730305254,1.000000,,,,,,,,,,,,,,,,
http_reqs,1730305254,1.000000,,,,true,,POST,http://finance:9501/transfer,HTTP/1.1,default,,200,,,http://finance:9501/transfer,,
http_req_duration,1730305254,22.177000,,,,true,,POST,http://finance:9501/transfer,HTTP/1.1,default,,200,,,http://finance:9501/transfer,,
http_req_blocked,1730305254,0.035875,,,,true,,POST,http://finance:9501/transfer,HTTP/1.1,default,,200,,,http://finance:9501/transfer,,
http_req_connecting,1730305254,0.000000,,,,true,,POST,http://finance:9501/transfer,HTTP/1.1,default,,200,,,http://finance:9501/transfer,,
http_req_tls_handshaking,1730305254,0.000000,,,,true,,POST,http://finance:9501/transfer,HTTP/1.1,default,,200,,,http://finance:9501/transfer,,
http_req_sending,1730305254,0.120417,,,,true,,POST,http://finance:9501/transfer,HTTP/1.1,default,,200,,,http://finance:9501/transfer,,
http_req_waiting,1730305254,21.865583,,,,true,,POST,http://finance:9501/transfer,HTTP/1.1,default,,200,,,http://finance:9501/transfer,,
http_req_receiving,1730305254,0.191000,,,,true,,POST,http://finance:9501/transfer,HTTP/1.1,default,,200,,,http://finance:9501/transfer,,
http_req_failed,1730305254,0.000000,,,,true,,POST,http://finance:9501/transfer,HTTP/1.1,default,,200,,,http://finance:9501/transfer,,
checks,1730305254,1.000000,transfer status is 200,,,,,,,,default,,,,,,,
vus,1730305255,1.000000,,,,,,,,,,,,,,,,
vus_max,1730305255,1.000000,,,,,,,,,,,,,,,,
data_sent,1730305255,799.000000,,,,,,,,,default,,,,,,,
data_received,1730305255,2102.000000,,,,,,,,,default,,,,,,,
iteration_duration,1730305255,3055.924627,,,,,,,,,default,,,,,,,
iterations,1730305255,1.000000,,,,,,,,,default,,,,,,,
http_reqs,1730305255,1.000000,,,,true,,POST,http://finance:9501/transaction,HTTP/1.1,default,,200,,,http://finance:9501/transaction,,
http_req_duration,1730305255,12.123792,,,,true,,POST,http://finance:9501/transaction,HTTP/1.1,default,,200,,,http://finance:9501/transaction,,
http_req_blocked,1730305255,0.035375,,,,true,,POST,http://finance:9501/transaction,HTTP/1.1,default,,200,,,http://finance:9501/transaction,,
http_req_connecting,1730305255,0.000000,,,,true,,POST,http://finance:9501/transaction,HTTP/1.1,default,,200,,,http://finance:9501/transaction,,
http_req_tls_handshaking,1730305255,0.000000,,,,true,,POST,http://finance:9501/transaction,HTTP/1.1,default,,200,,,http://finance:9501/transaction,,
http_req_sending,1730305255,0.143083,,,,true,,POST,http://finance:9501/transaction,HTTP/1.1,default,,200,,,http://finance:9501/transaction,,
http_req_waiting,1730305255,11.802417,,,,true,,POST,http://finance:9501/transaction,HTTP/1.1,default,,200,,,http://finance:9501/transaction,,
http_req_receiving,1730305255,0.178292,,,,true,,POST,http://finance:9501/transaction,HTTP/1.1,default,,200,,,http://finance:9501/transaction,,
http_req_failed,1730305255,0.000000,,,,true,,POST,http://finance:9501/transaction,HTTP/1.1,default,,200,,,http://finance:9501/transaction,,
checks,1730305255,1.000000,deposit status is 200,,,,,,,,default,,,,,,,
vus,1730305256,1.000000,,,,,,,,,,,,,,,,
vus_max,1730305256,1.000000,,,,,,,,,,,,,,,,
http_reqs,1730305256,1.000000,,,,true,,POST,http://finance:9501/transaction,HTTP/1.1,default,,200,,,http://finance:9501/transaction,,
http_req_duration,1730305256,10.908417,,,,true,,POST,http://finance:9501/transaction,HTTP/1.1,default,,200,,,http://finance:9501/transaction,,
http_req_blocked,1730305256,0.061875,,,,true,,POST,http://finance:9501/transaction,HTTP/1.1,default,,200,,,http://finance:9501/transaction,,
http_req_connecting,1730305256,0.000000,,,,true,,POST,http://finance:9501/transaction,HTTP/1.1,default,,200,,,http://finance:9501/transaction,,
http_req_tls_handshaking,1730305256,0.000000,,,,true,,POST,http://finance:9501/transaction,HTTP/1.1,default,,200,,,http://finance:9501/transaction,,
http_req_sending,1730305256,0.068833,,,,true,,POST,http://finance:9501/transaction,HTTP/1.1,default,,200,,,http://finance:9501/transaction,,
http_req_waiting,1730305256,10.426292,,,,true,,POST,http://finance:9501/transaction,HTTP/1.1,default,,200,,,http://finance:9501/transaction,,
http_req_receiving,1730305256,0.413292,,,,true,,POST,http://finance:9501/transaction,HTTP/1.1,default,,200,,,http://finance:9501/transaction,,
http_req_failed,1730305256,0.000000,,,,true,,POST,http://finance:9501/transaction,HTTP/1.1,default,,200,,,http://finance:9501/transaction,,
checks,1730305256,1.000000,sake status is 200,,,,,,,,default,,,,,,,
vus,1730305257,1.000000,,,,,,,,,,,,,,,,
vus_max,1730305257,1.000000,,,,,,,,,,,,,,,,
http_reqs,1730305257,1.000000,,,,true,,POST,http://finance:9501/transfer,HTTP/1.1,default,,200,,,http://finance:9501/transfer,,
http_req_duration,1730305257,19.422625,,,,true,,POST,http://finance:9501/transfer,HTTP/1.1,default,,200,,,http://finance:9501/transfer,,
http_req_blocked,1730305257,0.046834,,,,true,,POST,http://finance:9501/transfer,HTTP/1.1,default,,200,,,http://finance:9501/transfer,,
http_req_connecting,1730305257,0.000000,,,,true,,POST,http://finance:9501/transfer,HTTP/1.1,default,,200,,,http://finance:9501/transfer,,
http_req_tls_handshaking,1730305257,0.000000,,,,true,,POST,http://finance:9501/transfer,HTTP/1.1,default,,200,,,http://finance:9501/transfer,,
http_req_sending,1730305257,0.148666,,,,true,,POST,http://finance:9501/transfer,HTTP/1.1,default,,200,,,http://finance:9501/transfer,,
http_req_waiting,1730305257,19.102792,,,,true,,POST,http://finance:9501/transfer,HTTP/1.1,default,,200,,,http://finance:9501/transfer,,
http_req_receiving,1730305257,0.171167,,,,true,,POST,http://finance:9501/transfer,HTTP/1.1,default,,200,,,http://finance:9501/transfer,,
http_req_failed,1730305257,0.000000,,,,true,,POST,http://finance:9501/transfer,HTTP/1.1,default,,200,,,http://finance:9501/transfer,,
checks,1730305257,1.000000,transfer status is 200,,,,,,,,default,,,,,,,
vus,1730305258,1.000000,,,,,,,,,,,,,,,,
vus_max,1730305258,1.000000,,,,,,,,,,,,,,,,
data_sent,1730305258,799.000000,,,,,,,,,default,,,,,,,
data_received,1730305258,2102.000000,,,,,,,,,default,,,,,,,
iteration_duration,1730305258,3048.739084,,,,,,,,,default,,,,,,,
iterations,1730305258,1.000000,,,,,,,,,default,,,,,,,
http_reqs,1730305258,1.000000,,,,true,,POST,http://finance:9501/transaction,HTTP/1.1,default,,200,,,http://finance:9501/transaction,,
http_req_duration,1730305258,12.177333,,,,true,,POST,http://finance:9501/transaction,HTTP/1.1,default,,200,,,http://finance:9501/transaction,,
http_req_blocked,1730305258,0.033417,,,,true,,POST,http://finance:9501/transaction,HTTP/1.1,default,,200,,,http://finance:9501/transaction,,
http_req_connecting,1730305258,0.000000,,,,true,,POST,http://finance:9501/transaction,HTTP/1.1,default,,200,,,http://finance:9501/transaction,,
http_req_tls_handshaking,1730305258,0.000000,,,,true,,POST,http://finance:9501/transaction,HTTP/1.1,default,,200,,,http://finance:9501/transaction,,
http_req_sending,1730305258,0.117916,,,,true,,POST,http://finance:9501/transaction,HTTP/1.1,default,,200,,,http://finance:9501/transaction,,
http_req_waiting,1730305258,11.899042,,,,true,,POST,http://finance:9501/transaction,HTTP/1.1,default,,200,,,http://finance:9501/transaction,,
http_req_receiving,1730305258,0.160375,,,,true,,POST,http://finance:9501/transaction,HTTP/1.1,default,,200,,,http://finance:9501/transaction,,
http_req_failed,1730305258,0.000000,,,,true,,POST,http://finance:9501/transaction,HTTP/1.1,default,,200,,,http://finance:9501/transaction,,
checks,1730305258,1.000000,deposit status is 200,,,,,,,,default,,,,,,,
vus,1730305259,1.000000,,,,,,,,,,,,,,,,
vus_max,1730305259,1.000000,,,,,,,,,,,,,,,,
http_reqs,1730305259,1.000000,,,,true,,POST,http://finance:9501/transaction,HTTP/1.1,default,,200,,,http://finance:9501/transaction,,
http_req_duration,1730305259,9.311500,,,,true,,POST,http://finance:9501/transaction,HTTP/1.1,default,,200,,,http://finance:9501/transaction,,
http_req_blocked,1730305259,0.018000,,,,true,,POST,http://finance:9501/transaction,HTTP/1.1,default,,200,,,http://finance:9501/transaction,,
http_req_connecting,1730305259,0.000000,,,,true,,POST,http://finance:9501/transaction,HTTP/1.1,default,,200,,,http://finance:9501/transaction,,
http_req_tls_handshaking,1730305259,0.000000,,,,true,,POST,http://finance:9501/transaction,HTTP/1.1,default,,200,,,http://finance:9501/transaction,,
http_req_sending,1730305259,0.054958,,,,true,,POST,http://finance:9501/transaction,HTTP/1.1,default,,200,,,http://finance:9501/transaction,,
http_req_waiting,1730305259,9.075084,,,,true,,POST,http://finance:9501/transaction,HTTP/1.1,default,,200,,,http://finance:9501/transaction,,
http_req_receiving,1730305259,0.181458,,,,true,,POST,http://finance:9501/transaction,HTTP/1.1,default,,200,,,http://finance:9501/transaction,,
http_req_failed,1730305259,0.000000,,,,true,,POST,http://finance:9501/transaction,HTTP/1.1,default,,200,,,http://finance:9501/transaction,,
checks,1730305259,1.000000,sake status is 200,,,,,,,,default,,,,,,,
vus,1730305260,1.000000,,,,,,,,,,,,,,,,
vus_max,1730305260,1.000000,,,,,,,,,,,,,,,,
http_reqs,1730305260,1.000000,,,,true,,POST,http://finance:9501/transfer,HTTP/1.1,default,,200,,,http://finance:9501/transfer,,
http_req_duration,1730305260,15.714041,,,,true,,POST,http://finance:9501/transfer,HTTP/1.1,default,,200,,,http://finance:9501/transfer,,
http_req_blocked,1730305260,0.007792,,,,true,,POST,http://finance:9501/transfer,HTTP/1.1,default,,200,,,http://finance:9501/transfer,,
http_req_connecting,1730305260,0.000000,,,,true,,POST,http://finance:9501/transfer,HTTP/1.1,default,,200,,,http://finance:9501/transfer,,
http_req_tls_handshaking,1730305260,0.000000,,,,true,,POST,http://finance:9501/transfer,HTTP/1.1,default,,200,,,http://finance:9501/transfer,,
http_req_sending,1730305260,0.050833,,,,true,,POST,http://finance:9501/transfer,HTTP/1.1,default,,200,,,http://finance:9501/transfer,,
http_req_waiting,1730305260,15.512208,,,,true,,POST,http://finance:9501/transfer,HTTP/1.1,default,,200,,,http://finance:9501/transfer,,
http_req_receiving,1730305260,0.151000,,,,true,,POST,http://finance:9501/transfer,HTTP/1.1,default,,200,,,http://finance:9501/transfer,,
http_req_failed,1730305260,0.000000,,,,true,,POST,http://finance:9501/transfer,HTTP/1.1,default,,200,,,http://finance:9501/transfer,,
checks,1730305260,1.000000,transfer status is 200,,,,,,,,default,,,,,,,
vus,1730305261,1.000000,,,,,,,,,,,,,,,,
vus_max,1730305261,1.000000,,,,,,,,,,,,,,,,
data_sent,1730305261,799.000000,,,,,,,,,default,,,,,,,
data_received,1730305261,2102.000000,,,,,,,,,default,,,,,,,
iteration_duration,1730305261,3043.527960,,,,,,,,,default,,,,,,,
iterations,1730305261,1.000000,,,,,,,,,default,,,,,,,
http_reqs,1730305261,1.000000,,,,true,,POST,http://finance:9501/transaction,HTTP/1.1,default,,200,,,http://finance:9501/transaction,,
http_req_duration,1730305261,11.746292,,,,true,,POST,http://finance:9501/transaction,HTTP/1.1,default,,200,,,http://finance:9501/transaction,,
http_req_blocked,1730305261,0.013125,,,,true,,POST,http://finance:9501/transaction,HTTP/1.1,default,,200,,,http://finance:9501/transaction,,
http_req_connecting,1730305261,0.000000,,,,true,,POST,http://finance:9501/transaction,HTTP/1.1,default,,200,,,http://finance:9501/transaction,,
http_req_tls_handshaking,1730305261,0.000000,,,,true,,POST,http://finance:9501/transaction,HTTP/1.1,default,,200,,,http://finance:9501/transaction,,
http_req_sending,1730305261,0.042042,,,,true,,POST,http://finance:9501/transaction,HTTP/1.1,default,,200,,,http://finance:9501/transaction,,
http_req_waiting,1730305261,11.502000,,,,true,,POST,http://finance:9501/transaction,HTTP/1.1,default,,200,,,http://finance:9501/transaction,,
http_req_receiving,1730305261,0.202250,,,,true,,POST,http://finance:9501/transaction,HTTP/1.1,default,,200,,,http://finance:9501/transaction,,
http_req_failed,1730305261,0.000000,,,,true,,POST,http://finance:9501/transaction,HTTP/1.1,default,,200,,,http://finance:9501/transaction,,
checks,1730305261,1.000000,deposit status is 200,,,,,,,,default,,,,,,,
vus,1730305262,1.000000,,,,,,,,,,,,,,,,
vus_max,1730305262,1.000000,,,,,,,,,,,,,,,,
http_reqs,1730305262,1.000000,,,,true,,POST,http://finance:9501/transaction,HTTP/1.1,default,,200,,,http://finance:9501/transaction,,
http_req_duration,1730305262,10.832875,,,,true,,POST,http://finance:9501/transaction,HTTP/1.1,default,,200,,,http://finance:9501/transaction,,
http_req_blocked,1730305262,0.019417,,,,true,,POST,http://finance:9501/transaction,HTTP/1.1,default,,200,,,http://finance:9501/transaction,,
http_req_connecting,1730305262,0.000000,,,,true,,POST,http://finance:9501/transaction,HTTP/1.1,default,,200,,,http://finance:9501/transaction,,
http_req_tls_handshaking,1730305262,0.000000,,,,true,,POST,http://finance:9501/transaction,HTTP/1.1,default,,200,,,http://finance:9501/transaction,,
http_req_sending,1730305262,0.322458,,,,true,,POST,http://finance:9501/transaction,HTTP/1.1,default,,200,,,http://finance:9501/transaction,,
http_req_waiting,1730305262,10.394625,,,,true,,POST,http://finance:9501/transaction,HTTP/1.1,default,,200,,,http://finance:9501/transaction,,
http_req_receiving,1730305262,0.115792,,,,true,,POST,http://finance:9501/transaction,HTTP/1.1,default,,200,,,http://finance:9501/transaction,,
http_req_failed,1730305262,0.000000,,,,true,,POST,http://finance:9501/transaction,HTTP/1.1,default,,200,,,http://finance:9501/transaction,,
checks,1730305262,1.000000,sake status is 200,,,,,,,,default,,,,,,,
vus,1730305263,1.000000,,,,,,,,,,,,,,,,
vus_max,1730305263,1.000000,,,,,,,,,,,,,,,,
http_reqs,1730305263,1.000000,,,,true,,POST,http://finance:9501/transfer,HTTP/1.1,default,,200,,,http://finance:9501/transfer,,
http_req_duration,1730305263,22.182875,,,,true,,POST,http://finance:9501/transfer,HTTP/1.1,default,,200,,,http://finance:9501/transfer,,
http_req_blocked,1730305263,0.064834,,,,true,,POST,http://finance:9501/transfer,HTTP/1.1,default,,200,,,http://finance:9501/transfer,,
http_req_connecting,1730305263,0.000000,,,,true,,POST,http://finance:9501/transfer,HTTP/1.1,default,,200,,,http://finance:9501/transfer,,
http_req_tls_handshaking,1730305263,0.000000,,,,true,,POST,http://finance:9501/transfer,HTTP/1.1,default,,200,,,http://finance:9501/transfer,,
http_req_sending,1730305263,0.183000,,,,true,,POST,http://finance:9501/transfer,HTTP/1.1,default,,200,,,http://finance:9501/transfer,,
http_req_waiting,1730305263,21.772833,,,,true,,POST,http://finance:9501/transfer,HTTP/1.1,default,,200,,,http://finance:9501/transfer,,
http_req_receiving,1730305263,0.227042,,,,true,,POST,http://finance:9501/transfer,HTTP/1.1,default,,200,,,http://finance:9501/transfer,,
http_req_failed,1730305263,0.000000,,,,true,,POST,http://finance:9501/transfer,HTTP/1.1,default,,200,,,http://finance:9501/transfer,,
checks,1730305263,1.000000,transfer status is 200,,,,,,,,default,,,,,,,
vus,1730305264,1.000000,,,,,,,,,,,,,,,,
vus_max,1730305264,1.000000,,,,,,,,,,,,,,,,
data_sent,1730305264,799.000000,,,,,,,,,default,,,,,,,
data_received,1730305264,2102.000000,,,,,,,,,default,,,,,,,
iteration_duration,1730305264,3049.242584,,,,,,,,,default,,,,,,,
iterations,1730305264,1.000000,,,,,,,,,default,,,,,,,
http_reqs,1730305264,1.000000,,,,true,,POST,http://finance:9501/transaction,HTTP/1.1,default,,200,,,http://finance:9501/transaction,,
http_req_duration,1730305264,12.169792,,,,true,,POST,http://finance:9501/transaction,HTTP/1.1,default,,200,,,http://finance:9501/transaction,,
http_req_blocked,1730305264,0.032625,,,,true,,POST,http://finance:9501/transaction,HTTP/1.1,default,,200,,,http://finance:9501/transaction,,
http_req_connecting,1730305264,0.000000,,,,true,,POST,http://finance:9501/transaction,HTTP/1.1,default,,200,,,http://finance:9501/transaction,,
http_req_tls_handshaking,1730305264,0.000000,,,,true,,POST,http://finance:9501/transaction,HTTP/1.1,default,,200,,,http://finance:9501/transaction,,
http_req_sending,1730305264,0.114458,,,,true,,POST,http://finance:9501/transaction,HTTP/1.1,default,,200,,,http://finance:9501/transaction,,
http_req_waiting,1730305264,11.830375,,,,true,,POST,http://finance:9501/transaction,HTTP/1.1,default,,200,,,http://finance:9501/transaction,,
http_req_receiving,1730305264,0.224959,,,,true,,POST,http://finance:9501/transaction,HTTP/1.1,default,,200,,,http://finance:9501/transaction,,
http_req_failed,1730305264,0.000000,,,,true,,POST,http://finance:9501/transaction,HTTP/1.1,default,,200,,,http://finance:9501/transaction,,
checks,1730305264,1.000000,deposit status is 200,,,,,,,,default,,,,,,,
vus,1730305265,1.000000,,,,,,,,,,,,,,,,
vus_max,1730305265,1.000000,,,,,,,,,,,,,,,,
http_reqs,1730305265,1.000000,,,,true,,POST,http://finance:9501/transaction,HTTP/1.1,default,,200,,,http://finance:9501/transaction,,
http_req_duration,1730305265,12.128958,,,,true,,POST,http://finance:9501/transaction,HTTP/1.1,default,,200,,,http://finance:9501/transaction,,
http_req_blocked,1730305265,0.012542,,,,true,,POST,http://finance:9501/transaction,HTTP/1.1,default,,200,,,http://finance:9501/transaction,,
http_req_connecting,1730305265,0.000000,,,,true,,POST,http://finance:9501/transaction,HTTP/1.1,default,,200,,,http://finance:9501/transaction,,
http_req_tls_handshaking,1730305265,0.000000,,,,true,,POST,http://finance:9501/transaction,HTTP/1.1,default,,200,,,http://finance:9501/transaction,,
http_req_sending,1730305265,0.202917,,,,true,,POST,http://finance:9501/transaction,HTTP/1.1,default,,200,,,http://finance:9501/transaction,,
http_req_waiting,1730305265,11.764791,,,,true,,POST,http://finance:9501/transaction,HTTP/1.1,default,,200,,,http://finance:9501/transaction,,
http_req_receiving,1730305265,0.161250,,,,true,,POST,http://finance:9501/transaction,HTTP/1.1,default,,200,,,http://finance:9501/transaction,,
http_req_failed,1730305265,0.000000,,,,true,,POST,http://finance:9501/transaction,HTTP/1.1,default,,200,,,http://finance:9501/transaction,,
checks,1730305265,1.000000,sake status is 200,,,,,,,,default,,,,,,,
vus,1730305266,1.000000,,,,,,,,,,,,,,,,
vus_max,1730305266,1.000000,,,,,,,,,,,,,,,,
http_reqs,1730305266,1.000000,,,,true,,POST,http://finance:9501/transfer,HTTP/1.1,default,,200,,,http://finance:9501/transfer,,
http_req_duration,1730305266,21.528083,,,,true,,POST,http://finance:9501/transfer,HTTP/1.1,default,,200,,,http://finance:9501/transfer,,
http_req_blocked,1730305266,0.037167,,,,true,,POST,http://finance:9501/transfer,HTTP/1.1,default,,200,,,http://finance:9501/transfer,,
http_req_connecting,1730305266,0.000000,,,,true,,POST,http://finance:9501/transfer,HTTP/1.1,default,,200,,,http://finance:9501/transfer,,
http_req_tls_handshaking,1730305266,0.000000,,,,true,,POST,http://finance:9501/transfer,HTTP/1.1,default,,200,,,http://finance:9501/transfer,,
http_req_sending,1730305266,0.663417,,,,true,,POST,http://finance:9501/transfer,HTTP/1.1,default,,200,,,http://finance:9501/transfer,,
http_req_waiting,1730305266,20.655333,,,,true,,POST,http://finance:9501/transfer,HTTP/1.1,default,,200,,,http://finance:9501/transfer,,
http_req_receiving,1730305266,0.209333,,,,true,,POST,http://finance:9501/transfer,HTTP/1.1,default,,200,,,http://finance:9501/transfer,,
http_req_failed,1730305266,0.000000,,,,true,,POST,http://finance:9501/transfer,HTTP/1.1,default,,200,,,http://finance:9501/transfer,,
checks,1730305266,1.000000,transfer status is 200,,,,,,,,default,,,,,,,
vus,1730305267,1.000000,,,,,,,,,,,,,,,,
vus_max,1730305267,1.000000,,,,,,,,,,,,,,,,
data_sent,1730305267,799.000000,,,,,,,,,default,,,,,,,
data_received,1730305267,2102.000000,,,,,,,,,default,,,,,,,
iteration_duration,1730305267,3049.956085,,,,,,,,,default,,,,,,,
iterations,1730305267,1.000000,,,,,,,,,default,,,,,,,
http_reqs,1730305267,1.000000,,,,true,,POST,http://finance:9501/transaction,HTTP/1.1,default,,200,,,http://finance:9501/transaction,,
http_req_duration,1730305267,11.496208,,,,true,,POST,http://finance:9501/transaction,HTTP/1.1,default,,200,,,http://finance:9501/transaction,,
http_req_blocked,1730305267,0.042292,,,,true,,POST,http://finance:9501/transaction,HTTP/1.1,default,,200,,,http://finance:9501/transaction,,
http_req_connecting,1730305267,0.000000,,,,true,,POST,http://finance:9501/transaction,HTTP/1.1,default,,200,,,http://finance:9501/transaction,,
http_req_tls_handshaking,1730305267,0.000000,,,,true,,POST,http://finance:9501/transaction,HTTP/1.1,default,,200,,,http://finance:9501/transaction,,
http_req_sending,1730305267,0.168875,,,,true,,POST,http://finance:9501/transaction,HTTP/1.1,default,,200,,,http://finance:9501/transaction,,
http_req_waiting,1730305267,11.132583,,,,true,,POST,http://finance:9501/transaction,HTTP/1.1,default,,200,,,http://finance:9501/transaction,,
http_req_receiving,1730305267,0.194750,,,,true,,POST,http://finance:9501/transaction,HTTP/1.1,default,,200,,,http://finance:9501/transaction,,
http_req_failed,1730305267,0.000000,,,,true,,POST,http://finance:9501/transaction,HTTP/1.1,default,,200,,,http://finance:9501/transaction,,
checks,1730305267,1.000000,deposit status is 200,,,,,,,,default,,,,,,,
vus,1730305268,1.000000,,,,,,,,,,,,,,,,
vus_max,1730305268,1.000000,,,,,,,,,,,,,,,,
http_reqs,1730305268,1.000000,,,,true,,POST,http://finance:9501/transaction,HTTP/1.1,default,,200,,,http://finance:9501/transaction,,
http_req_duration,1730305268,11.497666,,,,true,,POST,http://finance:9501/transaction,HTTP/1.1,default,,200,,,http://finance:9501/transaction,,
http_req_blocked,1730305268,0.013750,,,,true,,POST,http://finance:9501/transaction,HTTP/1.1,default,,200,,,http://finance:9501/transaction,,
http_req_connecting,1730305268,0.000000,,,,true,,POST,http://finance:9501/transaction,HTTP/1.1,default,,200,,,http://finance:9501/transaction,,
http_req_tls_handshaking,1730305268,0.000000,,,,true,,POST,http://finance:9501/transaction,HTTP/1.1,default,,200,,,http://finance:9501/transaction,,
http_req_sending,1730305268,0.094666,,,,true,,POST,http://finance:9501/transaction,HTTP/1.1,default,,200,,,http://finance:9501/transaction,,
http_req_waiting,1730305268,11.239584,,,,true,,POST,http://finance:9501/transaction,HTTP/1.1,default,,200,,,http://finance:9501/transaction,,
http_req_receiving,1730305268,0.163416,,,,true,,POST,http://finance:9501/transaction,HTTP/1.1,default,,200,,,http://finance:9501/transaction,,
http_req_failed,1730305268,0.000000,,,,true,,POST,http://finance:9501/transaction,HTTP/1.1,default,,200,,,http://finance:9501/transaction,,
checks,1730305268,1.000000,sake status is 200,,,,,,,,default,,,,,,,
vus,1730305269,1.000000,,,,,,,,,,,,,,,,
vus_max,1730305269,1.000000,,,,,,,,,,,,,,,,
http_reqs,1730305269,1.000000,,,,true,,POST,http://finance:9501/transfer,HTTP/1.1,default,,200,,,http://finance:9501/transfer,,
http_req_duration,1730305269,23.982417,,,,true,,POST,http://finance:9501/transfer,HTTP/1.1,default,,200,,,http://finance:9501/transfer,,
http_req_blocked,1730305269,0.041083,,,,true,,POST,http://finance:9501/transfer,HTTP/1.1,default,,200,,,http://finance:9501/transfer,,
http_req_connecting,1730305269,0.000000,,,,true,,POST,http://finance:9501/transfer,HTTP/1.1,default,,200,,,http://finance:9501/transfer,,
http_req_tls_handshaking,1730305269,0.000000,,,,true,,POST,http://finance:9501/transfer,HTTP/1.1,default,,200,,,http://finance:9501/transfer,,
http_req_sending,1730305269,0.125583,,,,true,,POST,http://finance:9501/transfer,HTTP/1.1,default,,200,,,http://finance:9501/transfer,,
http_req_waiting,1730305269,23.710625,,,,true,,POST,http://finance:9501/transfer,HTTP/1.1,default,,200,,,http://finance:9501/transfer,,
http_req_receiving,1730305269,0.146209,,,,true,,POST,http://finance:9501/transfer,HTTP/1.1,default,,200,,,http://finance:9501/transfer,,
http_req_failed,1730305269,0.000000,,,,true,,POST,http://finance:9501/transfer,HTTP/1.1,default,,200,,,http://finance:9501/transfer,,
checks,1730305269,1.000000,transfer status is 200,,,,,,,,default,,,,,,,
vus,1730305270,1.000000,,,,,,,,,,,,,,,,
vus_max,1730305270,1.000000,,,,,,,,,,,,,,,,
data_sent,1730305270,799.000000,,,,,,,,,default,,,,,,,
data_received,1730305270,2102.000000,,,,,,,,,default,,,,,,,
iteration_duration,1730305270,3057.455460,,,,,,,,,default,,,,,,,
iterations,1730305270,1.000000,,,,,,,,,default,,,,,,,
http_reqs,1730305270,1.000000,,,,true,,POST,http://finance:9501/transaction,HTTP/1.1,default,,200,,,http://finance:9501/transaction,,
http_req_duration,1730305270,11.820833,,,,true,,POST,http://finance:9501/transaction,HTTP/1.1,default,,200,,,http://finance:9501/transaction,,
http_req_blocked,1730305270,0.031917,,,,true,,POST,http://finance:9501/transaction,HTTP/1.1,default,,200,,,http://finance:9501/transaction,,
http_req_connecting,1730305270,0.000000,,,,true,,POST,http://finance:9501/transaction,HTTP/1.1,default,,200,,,http://finance:9501/transaction,,
http_req_tls_handshaking,1730305270,0.000000,,,,true,,POST,http://finance:9501/transaction,HTTP/1.1,default,,200,,,http://finance:9501/transaction,,
http_req_sending,1730305270,0.049208,,,,true,,POST,http://finance:9501/transaction,HTTP/1.1,default,,200,,,http://finance:9501/transaction,,
http_req_waiting,1730305270,11.634125,,,,true,,POST,http://finance:9501/transaction,HTTP/1.1,default,,200,,,http://finance:9501/transaction,,
http_req_receiving,1730305270,0.137500,,,,true,,POST,http://finance:9501/transaction,HTTP/1.1,default,,200,,,http://finance:9501/transaction,,
http_req_failed,1730305270,0.000000,,,,true,,POST,http://finance:9501/transaction,HTTP/1.1,default,,200,,,http://finance:9501/transaction,,
checks,1730305270,1.000000,deposit status is 200,,,,,,,,default,,,,,,,
vus,1730305271,1.000000,,,,,,,,,,,,,,,,
vus_max,1730305271,1.000000,,,,,,,,,,,,,,,,
http_reqs,1730305271,1.000000,,,,true,,POST,http://finance:9501/transaction,HTTP/1.1,default,,200,,,http://finance:9501/transaction,,
http_req_duration,1730305271,9.581291,,,,true,,POST,http://finance:9501/transaction,HTTP/1.1,default,,200,,,http://finance:9501/transaction,,
http_req_blocked,1730305271,0.058417,,,,true,,POST,http://finance:9501/transaction,HTTP/1.1,default,,200,,,http://finance:9501/transaction,,
http_req_connecting,1730305271,0.000000,,,,true,,POST,http://finance:9501/transaction,HTTP/1.1,default,,200,,,http://finance:9501/transaction,,
http_req_tls_handshaking,1730305271,0.000000,,,,true,,POST,http://finance:9501/transaction,HTTP/1.1,default,,200,,,http://finance:9501/transaction,,
http_req_sending,1730305271,0.129500,,,,true,,POST,http://finance:9501/transaction,HTTP/1.1,default,,200,,,http://finance:9501/transaction,,
http_req_waiting,1730305271,9.246041,,,,true,,POST,http://finance:9501/transaction,HTTP/1.1,default,,200,,,http://finance:9501/transaction,,
http_req_receiving,1730305271,0.205750,,,,true,,POST,http://finance:9501/transaction,HTTP/1.1,default,,200,,,http://finance:9501/transaction,,
http_req_failed,1730305271,0.000000,,,,true,,POST,http://finance:9501/transaction,HTTP/1.1,default,,200,,,http://finance:9501/transaction,,
checks,1730305271,1.000000,sake status is 200,,,,,,,,default,,,,,,,
vus,1730305272,1.000000,,,,,,,,,,,,,,,,
vus_max,1730305272,1.000000,,,,,,,,,,,,,,,,
http_reqs,1730305272,1.000000,,,,true,,POST,http://finance:9501/transfer,HTTP/1.1,default,,200,,,http://finance:9501/transfer,,
http_req_duration,1730305272,18.354750,,,,true,,POST,http://finance:9501/transfer,HTTP/1.1,default,,200,,,http://finance:9501/transfer,,
http_req_blocked,1730305272,0.018084,,,,true,,POST,http://finance:9501/transfer,HTTP/1.1,default,,200,,,http://finance:9501/transfer,,
http_req_connecting,1730305272,0.000000,,,,true,,POST,http://finance:9501/transfer,HTTP/1.1,default,,200,,,http://finance:9501/transfer,,
http_req_tls_handshaking,1730305272,0.000000,,,,true,,POST,http://finance:9501/transfer,HTTP/1.1,default,,200,,,http://finance:9501/transfer,,
http_req_sending,1730305272,0.108458,,,,true,,POST,http://finance:9501/transfer,HTTP/1.1,default,,200,,,http://finance:9501/transfer,,
http_req_waiting,1730305272,18.123958,,,,true,,POST,http://finance:9501/transfer,HTTP/1.1,default,,200,,,http://finance:9501/transfer,,
http_req_receiving,1730305272,0.122334,,,,true,,POST,http://finance:9501/transfer,HTTP/1.1,default,,200,,,http://finance:9501/transfer,,
http_req_failed,1730305272,0.000000,,,,true,,POST,http://finance:9501/transfer,HTTP/1.1,default,,200,,,http://finance:9501/transfer,,
checks,1730305272,1.000000,transfer status is 200,,,,,,,,default,,,,,,,
vus,1730305273,1.000000,,,,,,,,,,,,,,,,
vus_max,1730305273,1.000000,,,,,,,,,,,,,,,,
data_sent,1730305273,799.000000,,,,,,,,,default,,,,,,,
data_received,1730305273,2102.000000,,,,,,,,,default,,,,,,,
iteration_duration,1730305273,3044.224502,,,,,,,,,default,,,,,,,
iterations,1730305273,1.000000,,,,,,,,,default,,,,,,,
http_reqs,1730305273,1.000000,,,,true,,POST,http://finance:9501/transaction,HTTP/1.1,default,,200,,,http://finance:9501/transaction,,
http_req_duration,1730305273,9.652958,,,,true,,POST,http://finance:9501/transaction,HTTP/1.1,default,,200,,,http://finance:9501/transaction,,
http_req_blocked,1730305273,0.012792,,,,true,,POST,http://finance:9501/transaction,HTTP/1.1,default,,200,,,http://finance:9501/transaction,,
http_req_connecting,1730305273,0.000000,,,,true,,POST,http://finance:9501/transaction,HTTP/1.1,default,,200,,,http://finance:9501/transaction,,
http_req_tls_handshaking,1730305273,0.000000,,,,true,,POST,http://finance:9501/transaction,HTTP/1.1,default,,200,,,http://finance:9501/transaction,,
http_req_sending,1730305273,0.060291,,,,true,,POST,http://finance:9501/transaction,HTTP/1.1,default,,200,,,http://finance:9501/transaction,,
http_req_waiting,1730305273,9.480042,,,,true,,POST,http://finance:9501/transaction,HTTP/1.1,default,,200,,,http://finance:9501/transaction,,
http_req_receiving,1730305273,0.112625,,,,true,,POST,http://finance:9501/transaction,HTTP/1.1,default,,200,,,http://finance:9501/transaction,,
http_req_failed,1730305273,0.000000,,,,true,,POST,http://finance:9501/transaction,HTTP/1.1,default,,200,,,http://finance:9501/transaction,,
checks,1730305273,1.000000,deposit status is 200,,,,,,,,default,,,,,,,
vus,1730305274,1.000000,,,,,,,,,,,,,,,,
vus_max,1730305274,1.000000,,,,,,,,,,,,,,,,
http_reqs,1730305274,1.000000,,,,true,,POST,http://finance:9501/transaction,HTTP/1.1,default,,200,,,http://finance:9501/transaction,,
http_req_duration,1730305274,9.290708,,,,true,,POST,http://finance:9501/transaction,HTTP/1.1,default,,200,,,http://finance:9501/transaction,,
http_req_blocked,1730305274,0.025542,,,,true,,POST,http://finance:9501/transaction,HTTP/1.1,default,,200,,,http://finance:9501/transaction,,
http_req_connecting,1730305274,0.000000,,,,true,,POST,http://finance:9501/transaction,HTTP/1.1,default,,200,,,http://finance:9501/transaction,,
http_req_tls_handshaking,1730305274,0.000000,,,,true,,POST,http://finance:9501/transaction,HTTP/1.1,default,,200,,,http://finance:9501/transaction,,
http_req_sending,1730305274,0.059916,,,,true,,POST,http://finance:9501/transaction,HTTP/1.1,default,,200,,,http://finance:9501/transaction,,
http_req_waiting,1730305274,9.115792,,,,true,,POST,http://finance:9501/transaction,HTTP/1.1,default,,200,,,http://finance:9501/transaction,,
http_req_receiving,1730305274,0.115000,,,,true,,POST,http://finance:9501/transaction,HTTP/1.1,default,,200,,,http://finance:9501/transaction,,
http_req_failed,1730305274,0.000000,,,,true,,POST,http://finance:9501/transaction,HTTP/1.1,default,,200,,,http://finance:9501/transaction,,
checks,1730305274,1.000000,sake status is 200,,,,,,,,default,,,,,,,
vus,1730305275,1.000000,,,,,,,,,,,,,,,,
vus_max,1730305275,1.000000,,,,,,,,,,,,,,,,
http_reqs,1730305275,1.000000,,,,true,,POST,http://finance:9501/transfer,HTTP/1.1,default,,200,,,http://finance:9501/transfer,,
http_req_duration,1730305275,21.750917,,,,true,,POST,http://finance:9501/transfer,HTTP/1.1,default,,200,,,http://finance:9501/transfer,,
http_req_blocked,1730305275,0.037125,,,,true,,POST,http://finance:9501/transfer,HTTP/1.1,default,,200,,,http://finance:9501/transfer,,
http_req_connecting,1730305275,0.000000,,,,true,,POST,http://finance:9501/transfer,HTTP/1.1,default,,200,,,http://finance:9501/transfer,,
http_req_tls_handshaking,1730305275,0.000000,,,,true,,POST,http://finance:9501/transfer,HTTP/1.1,default,,200,,,http://finance:9501/transfer,,
http_req_sending,1730305275,0.158209,,,,true,,POST,http://finance:9501/transfer,HTTP/1.1,default,,200,,,http://finance:9501/transfer,,
http_req_waiting,1730305275,21.429291,,,,true,,POST,http://finance:9501/transfer,HTTP/1.1,default,,200,,,http://finance:9501/transfer,,
http_req_receiving,1730305275,0.163417,,,,true,,POST,http://finance:9501/transfer,HTTP/1.1,default,,200,,,http://finance:9501/transfer,,
http_req_failed,1730305275,0.000000,,,,true,,POST,http://finance:9501/transfer,HTTP/1.1,default,,200,,,http://finance:9501/transfer,,
checks,1730305275,1.000000,transfer status is 200,,,,,,,,default,,,,,,,
vus,1730305276,1.000000,,,,,,,,,,,,,,,,
vus_max,1730305276,1.000000,,,,,,,,,,,,,,,,
data_sent,1730305276,799.000000,,,,,,,,,default,,,,,,,
data_received,1730305276,2102.000000,,,,,,,,,default,,,,,,,
iteration_duration,1730305276,3044.573875,,,,,,,,,default,,,,,,,
iterations,1730305276,1.000000,,,,,,,,,default,,,,,,,
http_reqs,1730305276,1.000000,,,,true,,POST,http://finance:9501/transaction,HTTP/1.1,default,,200,,,http://finance:9501/transaction,,
http_req_duration,1730305276,12.926875,,,,true,,POST,http://finance:9501/transaction,HTTP/1.1,default,,200,,,http://finance:9501/transaction,,
http_req_blocked,1730305276,0.089625,,,,true,,POST,http://finance:9501/transaction,HTTP/1.1,default,,200,,,http://finance:9501/transaction,,
http_req_connecting,1730305276,0.000000,,,,true,,POST,http://finance:9501/transaction,HTTP/1.1,default,,200,,,http://finance:9501/transaction,,
http_req_tls_handshaking,1730305276,0.000000,,,,true,,POST,http://finance:9501/transaction,HTTP/1.1,default,,200,,,http://finance:9501/transaction,,
http_req_sending,1730305276,0.211250,,,,true,,POST,http://finance:9501/transaction,HTTP/1.1,default,,200,,,http://finance:9501/transaction,,
http_req_waiting,1730305276,12.534458,,,,true,,POST,http://finance:9501/transaction,HTTP/1.1,default,,200,,,http://finance:9501/transaction,,
http_req_receiving,1730305276,0.181167,,,,true,,POST,http://finance:9501/transaction,HTTP/1.1,default,,200,,,http://finance:9501/transaction,,
http_req_failed,1730305276,0.000000,,,,true,,POST,http://finance:9501/transaction,HTTP/1.1,default,,200,,,http://finance:9501/transaction,,
checks,1730305276,1.000000,deposit status is 200,,,,,,,,default,,,,,,,
vus,1730305277,1.000000,,,,,,,,,,,,,,,,
vus_max,1730305277,1.000000,,,,,,,,,,,,,,,,
http_reqs,1730305277,1.000000,,,,true,,POST,http://finance:9501/transaction,HTTP/1.1,default,,200,,,http://finance:9501/transaction,,
http_req_duration,1730305277,9.356792,,,,true,,POST,http://finance:9501/transaction,HTTP/1.1,default,,200,,,http://finance:9501/transaction,,
http_req_blocked,1730305277,0.008208,,,,true,,POST,http://finance:9501/transaction,HTTP/1.1,default,,200,,,http://finance:9501/transaction,,
http_req_connecting,1730305277,0.000000,,,,true,,POST,http://finance:9501/transaction,HTTP/1.1,default,,200,,,http://finance:9501/transaction,,
http_req_tls_handshaking,1730305277,0.000000,,,,true,,POST,http://finance:9501/transaction,HTTP/1.1,default,,200,,,http://finance:9501/transaction,,
http_req_sending,1730305277,0.076042,,,,true,,POST,http://finance:9501/transaction,HTTP/1.1,default,,200,,,http://finance:9501/transaction,,
http_req_waiting,1730305277,9.140875,,,,true,,POST,http://finance:9501/transaction,HTTP/1.1,default,,200,,,http://finance:9501/transaction,,
http_req_receiving,1730305277,0.139875,,,,true,,POST,http://finance:9501/transaction,HTTP/1.1,default,,200,,,http://finance:9501/transaction,,
http_req_failed,1730305277,0.000000,,,,true,,POST,http://finance:9501/transaction,HTTP/1.1,default,,200,,,http://finance:9501/transaction,,
checks,1730305277,1.000000,sake status is 200,,,,,,,,default,,,,,,,
vus,1730305278,1.000000,,,,,,,,,,,,,,,,
vus_max,1730305278,1.000000,,,,,,,,,,,,,,,,
http_reqs,1730305278,1.000000,,,,true,,POST,http://finance:9501/transfer,HTTP/1.1,default,,200,,,http://finance:9501/transfer,,
http_req_duration,1730305278,19.820125,,,,true,,POST,http://finance:9501/transfer,HTTP/1.1,default,,200,,,http://finance:9501/transfer,,
http_req_blocked,1730305278,0.039084,,,,true,,POST,http://finance:9501/transfer,HTTP/1.1,default,,200,,,http://finance:9501/transfer,,
http_req_connecting,1730305278,0.000000,,,,true,,POST,http://finance:9501/transfer,HTTP/1.1,default,,200,,,http://finance:9501/transfer,,
http_req_tls_handshaking,1730305278,0.000000,,,,true,,POST,http://finance:9501/transfer,HTTP/1.1,default,,200,,,http://finance:9501/transfer,,
http_req_sending,1730305278,0.136833,,,,true,,POST,http://finance:9501/transfer,HTTP/1.1,default,,200,,,http://finance:9501/transfer,,
http_req_waiting,1730305278,19.485458,,,,true,,POST,http://finance:9501/transfer,HTTP/1.1,default,,200,,,http://finance:9501/transfer,,
http_req_receiving,1730305278,0.197834,,,,true,,POST,http://finance:9501/transfer,HTTP/1.1,default,,200,,,http://finance:9501/transfer,,
http_req_failed,1730305278,0.000000,,,,true,,POST,http://finance:9501/transfer,HTTP/1.1,default,,200,,,http://finance:9501/transfer,,
checks,1730305278,1.000000,transfer status is 200,,,,,,,,default,,,,,,,
vus,1730305279,1.000000,,,,,,,,,,,,,,,,
vus_max,1730305279,1.000000,,,,,,,,,,,,,,,,
data_sent,1730305279,799.000000,,,,,,,,,default,,,,,,,
data_received,1730305279,2102.000000,,,,,,,,,default,,,,,,,
iteration_duration,1730305279,3053.337751,,,,,,,,,default,,,,,,,
iterations,1730305279,1.000000,,,,,,,,,default,,,,,,,
http_reqs,1730305279,1.000000,,,,true,,POST,http://finance:9501/transaction,HTTP/1.1,default,,200,,,http://finance:9501/transaction,,
http_req_duration,1730305279,10.603458,,,,true,,POST,http://finance:9501/transaction,HTTP/1.1,default,,200,,,http://finance:9501/transaction,,
http_req_blocked,1730305279,0.018917,,,,true,,POST,http://finance:9501/transaction,HTTP/1.1,default,,200,,,http://finance:9501/transaction,,
http_req_connecting,1730305279,0.000000,,,,true,,POST,http://finance:9501/transaction,HTTP/1.1,default,,200,,,http://finance:9501/transaction,,
http_req_tls_handshaking,1730305279,0.000000,,,,true,,POST,http://finance:9501/transaction,HTTP/1.1,default,,200,,,http://finance:9501/transaction,,
http_req_sending,1730305279,0.304333,,,,true,,POST,http://finance:9501/transaction,HTTP/1.1,default,,200,,,http://finance:9501/transaction,,
http_req_waiting,1730305279,10.176042,,,,true,,POST,http://finance:9501/transaction,HTTP/1.1,default,,200,,,http://finance:9501/transaction,,
http_req_receiving,1730305279,0.123083,,,,true,,POST,http://finance:9501/transaction,HTTP/1.1,default,,200,,,http://finance:9501/transaction,,
http_req_failed,1730305279,0.000000,,,,true,,POST,http://finance:9501/transaction,HTTP/1.1,default,,200,,,http://finance:9501/transaction,,
checks,1730305279,1.000000,deposit status is 200,,,,,,,,default,,,,,,,
vus,1730305280,1.000000,,,,,,,,,,,,,,,,
vus_max,1730305280,1.000000,,,,,,,,,,,,,,,,
http_reqs,1730305280,1.000000,,,,true,,POST,http://finance:9501/transaction,HTTP/1.1,default,,200,,,http://finance:9501/transaction,,
http_req_duration,1730305280,12.251125,,,,true,,POST,http://finance:9501/transaction,HTTP/1.1,default,,200,,,http://finance:9501/transaction,,
http_req_blocked,1730305280,0.030958,,,,true,,POST,http://finance:9501/transaction,HTTP/1.1,default,,200,,,http://finance:9501/transaction,,
http_req_connecting,1730305280,0.000000,,,,true,,POST,http://finance:9501/transaction,HTTP/1.1,default,,200,,,http://finance:9501/transaction,,
http_req_tls_handshaking,1730305280,0.000000,,,,true,,POST,http://finance:9501/transaction,HTTP/1.1,default,,200,,,http://finance:9501/transaction,,
http_req_sending,1730305280,0.101167,,,,true,,POST,http://finance:9501/transaction,HTTP/1.1,default,,200,,,http://finance:9501/transaction,,
http_req_waiting,1730305280,12.010208,,,,true,,POST,http://finance:9501/transaction,HTTP/1.1,default,,200,,,http://finance:9501/transaction,,
http_req_receiving,1730305280,0.139750,,,,true,,POST,http://finance:9501/transaction,HTTP/1.1,default,,200,,,http://finance:9501/transaction,,
http_req_failed,1730305280,0.000000,,,,true,,POST,http://finance:9501/transaction,HTTP/1.1,default,,200,,,http://finance:9501/transaction,,
checks,1730305280,1.000000,sake status is 200,,,,,,,,default,,,,,,,
vus,1730305281,1.000000,,,,,,,,,,,,,,,,
vus_max,1730305281,1.000000,,,,,,,,,,,,,,,,
http_reqs,1730305281,1.000000,,,,true,,POST,http://finance:9501/transfer,HTTP/1.1,default,,200,,,http://finance:9501/transfer,,
http_req_duration,1730305281,18.627750,,,,true,,POST,http://finance:9501/transfer,HTTP/1.1,default,,200,,,http://finance:9501/transfer,,
http_req_blocked,1730305281,0.045833,,,,true,,POST,http://finance:9501/transfer,HTTP/1.1,default,,200,,,http://finance:9501/transfer,,
http_req_connecting,1730305281,0.000000,,,,true,,POST,http://finance:9501/transfer,HTTP/1.1,default,,200,,,http://finance:9501/transfer,,
http_req_tls_handshaking,1730305281,0.000000,,,,true,,POST,http://finance:9501/transfer,HTTP/1.1,default,,200,,,http://finance:9501/transfer,,
http_req_sending,1730305281,0.367708,,,,true,,POST,http://finance:9501/transfer,HTTP/1.1,default,,200,,,http://finance:9501/transfer,,
http_req_waiting,1730305281,18.090334,,,,true,,POST,http://finance:9501/transfer,HTTP/1.1,default,,200,,,http://finance:9501/transfer,,
http_req_receiving,1730305281,0.169708,,,,true,,POST,http://finance:9501/transfer,HTTP/1.1,default,,200,,,http://finance:9501/transfer,,
http_req_failed,1730305281,0.000000,,,,true,,POST,http://finance:9501/transfer,HTTP/1.1,default,,200,,,http://finance:9501/transfer,,
checks,1730305281,1.000000,transfer status is 200,,,,,,,,default,,,,,,,
vus,1730305282,1.000000,,,,,,,,,,,,,,,,
vus_max,1730305282,1.000000,,,,,,,,,,,,,,,,
data_sent,1730305282,799.000000,,,,,,,,,default,,,,,,,
data_received,1730305282,2102.000000,,,,,,,,,default,,,,,,,
iteration_duration,1730305282,3049.601793,,,,,,,,,default,,,,,,,
iterations,1730305282,1.000000,,,,,,,,,default,,,,,,,
